[        ] Compiling XML table /home/runner/work/OBD-FOCUS/OBD-FOCUS/build/printing/intermediates/merged_res/release/values-ta/values-ta.xml to /home/runner/work/OBD-FOCUS/OBD-FOCUS/build/printing/intermediates/verified_library_resources/release/compiled/values-ta_values-ta.arsc.flat
[        ] Compiling XML table /home/runner/work/OBD-FOCUS/OBD-FOCUS/build/printing/intermediates/merged_res/release/values-tr/values-tr.xml to /home/runner/work/OBD-FOCUS/OBD-FOCUS/build/printing/intermediates/verified_library_resources/release/compiled/values-tr_values-tr.arsc.flat
[        ] Compiling XML table /home/runner/work/OBD-FOCUS/OBD-FOCUS/build/printing/intermediates/merged_res/release/values-v21/values-v21.xml to /home/runner/work/OBD-FOCUS/OBD-FOCUS/build/printing/intermediates/verified_library_resources/release/compiled/values-v21_values-v21.arsc.flat
[        ] Compiling XML table /home/runner/work/OBD-FOCUS/OBD-FOCUS/build/printing/intermediates/merged_res/release/values-zh-rTW/values-zh-rTW.xml to /home/runner/work/OBD-FOCUS/OBD-FOCUS/build/printing/intermediates/verified_library_resources/release/compiled/values-zh-rTW_values-zh-rTW.arsc.flat
[  +89 ms] > Task :sqflite_android:mergeReleaseResources
[        ] Caching disabled for task ':sqflite_android:mergeReleaseResources' because:
[        ]   Build cache is disabled
[        ] Task ':sqflite_android:mergeReleaseResources' is not up-to-date because:
[        ]   No history is available.
[        ] The input changes require a full rebuild for incremental task ':sqflite_android:mergeReleaseResources'.
[        ] [MergeResources] Inputs are non-incremental full task action.
[        ] Resolve mutations for :printing:assembleRelease (Thread[Execution worker,5,main]) started.
[        ] :printing:assembleRelease (Thread[Execution worker,5,main]) started.
[        ] > Task :printing:assembleRelease
[        ] Skipping task ':printing:assembleRelease' as it has no actions.
[        ] Resolve mutations for :sqflite_android:verifyReleaseResources (Thread[Execution worker,5,main]) started.
[        ] :sqflite_android:verifyReleaseResources (Thread[Execution worker,5,main]) started.
[ +194 ms] > Task :share_plus:verifyReleaseResources
[   +3 ms] Transforming aapt2-7.4.2-8841542-linux.jar (com.android.tools.build:aapt2:7.4.2-8841542) with Aapt2Extractor
[        ] Transforming window-1.2.0.aar (androidx.window:window:1.2.0) with JetifyTransform
[        ] Transforming window-1.2.0.aar (androidx.window:window:1.2.0) with ExtractAarTransform
[        ] Transforming window-1.2.0.aar (androidx.window:window:1.2.0) with AarResourcesCompilerTransform
[        ] Transforming window-java-1.2.0.aar (androidx.window:window-java:1.2.0) with JetifyTransform
[        ] Transforming window-java-1.2.0.aar (androidx.window:window-java:1.2.0) with ExtractAarTransform
[        ] Transforming window-java-1.2.0.aar (androidx.window:window-java:1.2.0) with AarResourcesCompilerTransform
[        ] Transforming fragment-1.7.1.aar (androidx.fragment:fragment:1.7.1) with JetifyTransform
[        ] Transforming fragment-1.7.1.aar (androidx.fragment:fragment:1.7.1) with ExtractAarTransform
[        ] Transforming fragment-1.7.1.aar (androidx.fragment:fragment:1.7.1) with AarResourcesCompilerTransform
[        ] Transforming activity-1.8.1.aar (androidx.activity:activity:1.8.1) with JetifyTransform
[        ] Transforming activity-1.8.1.aar (androidx.activity:activity:1.8.1) with ExtractAarTransform
[        ] Transforming activity-1.8.1.aar (androidx.activity:activity:1.8.1) with AarResourcesCompilerTransform
[        ] Transforming loader-1.0.0.aar (androidx.loader:loader:1.0.0) with JetifyTransform
[        ] Transforming loader-1.0.0.aar (androidx.loader:loader:1.0.0) with ExtractAarTransform
[        ] Transforming loader-1.0.0.aar (androidx.loader:loader:1.0.0) with AarResourcesCompilerTransform
[        ] Transforming lifecycle-livedata-core-ktx-2.7.0.aar (androidx.lifecycle:lifecycle-livedata-core-ktx:2.7.0) with JetifyTransform
[        ] Transforming lifecycle-livedata-core-ktx-2.7.0.aar (androidx.lifecycle:lifecycle-livedata-core-ktx:2.7.0) with ExtractAarTransform
[        ] Transforming lifecycle-livedata-core-ktx-2.7.0.aar (androidx.lifecycle:lifecycle-livedata-core-ktx:2.7.0) with AarResourcesCompilerTransform
[        ] Transforming lifecycle-livedata-2.7.0.aar (androidx.lifecycle:lifecycle-livedata:2.7.0) with JetifyTransform
[        ] Transforming lifecycle-livedata-2.7.0.aar (androidx.lifecycle:lifecycle-livedata:2.7.0) with ExtractAarTransform
[        ] Transforming lifecycle-livedata-2.7.0.aar (androidx.lifecycle:lifecycle-livedata:2.7.0) with AarResourcesCompilerTransform
[        ] Transforming lifecycle-viewmodel-2.7.0.aar (androidx.lifecycle:lifecycle-viewmodel:2.7.0) with JetifyTransform
[        ] Transforming lifecycle-viewmodel-2.7.0.aar (androidx.lifecycle:lifecycle-viewmodel:2.7.0) with ExtractAarTransform
[        ] Transforming lifecycle-viewmodel-2.7.0.aar (androidx.lifecycle:lifecycle-viewmodel:2.7.0) with AarResourcesCompilerTransform
[        ] Transforming lifecycle-viewmodel-2.7.0.aar (androidx.lifecycle:lifecycle-viewmodel:2.7.0) with JetifyTransform
[        ] Transforming lifecycle-viewmodel-2.7.0.aar (androidx.lifecycle:lifecycle-viewmodel:2.7.0) with ExtractAarTransform
[        ] Transforming lifecycle-viewmodel-2.7.0.aar (androidx.lifecycle:lifecycle-viewmodel:2.7.0) with AarResourcesCompilerTransform
[        ] Transforming lifecycle-livedata-core-2.7.0.aar (androidx.lifecycle:lifecycle-livedata-core:2.7.0) with JetifyTransform
[        ] Transforming lifecycle-livedata-core-2.7.0.aar (androidx.lifecycle:lifecycle-livedata-core:2.7.0) with ExtractAarTransform
[        ] Transforming lifecycle-livedata-core-2.7.0.aar (androidx.lifecycle:lifecycle-livedata-core:2.7.0) with AarResourcesCompilerTransform
[        ] Transforming lifecycle-process-2.7.0.aar (androidx.lifecycle:lifecycle-process:2.7.0) with JetifyTransform
[        ] Transforming lifecycle-process-2.7.0.aar (androidx.lifecycle:lifecycle-process:2.7.0) with ExtractAarTransform
[        ] Transforming lifecycle-process-2.7.0.aar (androidx.lifecycle:lifecycle-process:2.7.0) with AarResourcesCompilerTransform
[        ] Transforming savedstate-1.2.1.aar (androidx.savedstate:savedstate:1.2.1) with JetifyTransform
[        ] Transforming savedstate-1.2.1.aar (androidx.savedstate:savedstate:1.2.1) with ExtractAarTransform
[        ] Transforming savedstate-1.2.1.aar (androidx.savedstate:savedstate:1.2.1) with AarResourcesCompilerTransform
[        ] Transforming lifecycle-runtime-2.7.0.aar (androidx.lifecycle:lifecycle-runtime:2.7.0) with JetifyTransform
[        ] Transforming lifecycle-runtime-2.7.0.aar (androidx.lifecycle:lifecycle-runtime:2.7.0) with ExtractAarTransform
[        ] Transforming lifecycle-runtime-2.7.0.aar (androidx.lifecycle:lifecycle-runtime:2.7.0) with AarResourcesCompilerTransform
[        ] Transforming lifecycle-viewmodel-savedstate-2.7.0.aar (androidx.lifecycle:lifecycle-viewmodel-savedstate:2.7.0) with JetifyTransform
[        ] Transforming lifecycle-viewmodel-savedstate-2.7.0.aar (androidx.lifecycle:lifecycle-viewmodel-savedstate:2.7.0) with ExtractAarTransform
[        ] Transforming lifecycle-viewmodel-savedstate-2.7.0.aar (androidx.lifecycle:lifecycle-viewmodel-savedstate:2.7.0) with AarResourcesCompilerTransform
[        ] Transforming core-ktx-1.13.1.aar (androidx.core:core-ktx:1.13.1) with JetifyTransform
[        ] Transforming core-ktx-1.13.1.aar (androidx.core:core-ktx:1.13.1) with ExtractAarTransform
[        ] Transforming core-ktx-1.13.1.aar (androidx.core:core-ktx:1.13.1) with AarResourcesCompilerTransform
[        ] Transforming viewpager-1.0.0.aar (androidx.viewpager:viewpager:1.0.0) with JetifyTransform
[        ] Transforming viewpager-1.0.0.aar (androidx.viewpager:viewpager:1.0.0) with ExtractAarTransform
[        ] Transforming viewpager-1.0.0.aar (androidx.viewpager:viewpager:1.0.0) with AarResourcesCompilerTransform
[        ] Transforming customview-1.0.0.aar (androidx.customview:customview:1.0.0) with JetifyTransform
[        ] Transforming customview-1.0.0.aar (androidx.customview:customview:1.0.0) with ExtractAarTransform
[        ] Transforming customview-1.0.0.aar (androidx.customview:customview:1.0.0) with AarResourcesCompilerTransform
[        ] Transforming core-1.13.1.aar (androidx.core:core:1.13.1) with JetifyTransform
[        ] Transforming core-1.13.1.aar (androidx.core:core:1.13.1) with ExtractAarTransform
[        ] Transforming core-1.13.1.aar (androidx.core:core:1.13.1) with AarResourcesCompilerTransform
[        ] Transforming core-1.13.1.aar (androidx.core:core:1.13.1) with JetifyTransform
[        ] Transforming core-1.13.1.aar (androidx.core:core:1.13.1) with ExtractAarTransform
[        ] Transforming core-1.13.1.aar (androidx.core:core:1.13.1) with AarResourcesCompilerTransform
[        ] Transforming profileinstaller-1.3.1.aar (androidx.profileinstaller:profileinstaller:1.3.1) with JetifyTransform
[        ] Transforming profileinstaller-1.3.1.aar (androidx.profileinstaller:profileinstaller:1.3.1) with ExtractAarTransform
[        ] Transforming profileinstaller-1.3.1.aar (androidx.profileinstaller:profileinstaller:1.3.1) with AarResourcesCompilerTransform
[        ] Transforming startup-runtime-1.1.1.aar (androidx.startup:startup-runtime:1.1.1) with JetifyTransform
[        ] Transforming startup-runtime-1.1.1.aar (androidx.startup:startup-runtime:1.1.1) with ExtractAarTransform
[        ] Transforming startup-runtime-1.1.1.aar (androidx.startup:startup-runtime:1.1.1) with AarResourcesCompilerTransform
[        ] Transforming tracing-1.2.0.aar (androidx.tracing:tracing:1.2.0) with JetifyTransform
[        ] Transforming tracing-1.2.0.aar (androidx.tracing:tracing:1.2.0) with ExtractAarTransform
[        ] Transforming tracing-1.2.0.aar (androidx.tracing:tracing:1.2.0) with AarResourcesCompilerTransform
[        ] Transforming interpolator-1.0.0.aar (androidx.interpolator:interpolator:1.0.0) with JetifyTransform
[        ] Transforming interpolator-1.0.0.aar (androidx.interpolator:interpolator:1.0.0) with ExtractAarTransform
[        ] Transforming interpolator-1.0.0.aar (androidx.interpolator:interpolator:1.0.0) with AarResourcesCompilerTransform
[        ] Transforming versionedparcelable-1.1.1.aar (androidx.versionedparcelable:versionedparcelable:1.1.1) with JetifyTransform
[        ] Transforming versionedparcelable-1.1.1.aar (androidx.versionedparcelable:versionedparcelable:1.1.1) with ExtractAarTransform
[        ] Transforming versionedparcelable-1.1.1.aar (androidx.versionedparcelable:versionedparcelable:1.1.1) with AarResourcesCompilerTransform
[        ] Transforming core-runtime-2.2.0.aar (androidx.arch.core:core-runtime:2.2.0) with JetifyTransform
[        ] Transforming core-runtime-2.2.0.aar (androidx.arch.core:core-runtime:2.2.0) with ExtractAarTransform
[        ] Transforming core-runtime-2.2.0.aar (androidx.arch.core:core-runtime:2.2.0) with AarResourcesCompilerTransform
[        ] Transforming core-1.0.0.aar (androidx.window.extensions.core:core:1.0.0) with JetifyTransform
[        ] Transforming core-1.0.0.aar (androidx.window.extensions.core:core:1.0.0) with ExtractAarTransform
[        ] Transforming core-1.0.0.aar (androidx.window.extensions.core:core:1.0.0) with AarResourcesCompilerTransform
[        ] Transforming annotation-experimental-1.4.0.aar (androidx.annotation:annotation-experimental:1.4.0) with JetifyTransform
[        ] Transforming annotation-experimental-1.4.0.aar (androidx.annotation:annotation-experimental:1.4.0) with ExtractAarTransform
[        ] Transforming annotation-experimental-1.4.0.aar (androidx.annotation:annotation-experimental:1.4.0) with AarResourcesCompilerTransform
[        ] Transforming relinker-1.4.5.aar (com.getkeepsafe.relinker:relinker:1.4.5) with JetifyTransform
[        ] Transforming relinker-1.4.5.aar (com.getkeepsafe.relinker:relinker:1.4.5) with ExtractAarTransform
[        ] Transforming relinker-1.4.5.aar (com.getkeepsafe.relinker:relinker:1.4.5) with AarResourcesCompilerTransform
[        ] Caching disabled for task ':share_plus:verifyReleaseResources' because:
[        ]   Build cache is disabled
[        ] Task ':share_plus:verifyReleaseResources' is not up-to-date because:
[        ]   No history is available.
[        ] The input changes require a full rebuild for incremental task ':share_plus:verifyReleaseResources'.
[        ] Compiling xml file /home/runner/work/OBD-FOCUS/OBD-FOCUS/build/share_plus/intermediates/merged_res/release/anim/fragment_fast_out_extra_slow_in.xml to /home/runner/work/OBD-FOCUS/OBD-FOCUS/build/share_plus/intermediates/verified_library_resources/release/compiled/anim_fragment_fast_out_extra_slow_in.xml.flat
[        ] Compiling xml file /home/runner/work/OBD-FOCUS/OBD-FOCUS/build/share_plus/intermediates/merged_res/release/animator/fragment_fade_enter.xml to /home/runner/work/OBD-FOCUS/OBD-FOCUS/build/share_plus/intermediates/verified_library_resources/release/compiled/animator_fragment_fade_enter.xml.flat
[        ] Compiling xml file /home/runner/work/OBD-FOCUS/OBD-FOCUS/build/share_plus/intermediates/merged_res/release/drawable/notification_bg.xml to /home/runner/work/OBD-FOCUS/OBD-FOCUS/build/share_plus/intermediates/verified_library_resources/release/compiled/drawable_notification_bg.xml.flat
[        ] Compiling xml file /home/runner/work/OBD-FOCUS/OBD-FOCUS/build/share_plus/intermediates/merged_res/release/drawable-anydpi-v21/ic_call_answer.xml to /home/runner/work/OBD-FOCUS/OBD-FOCUS/build/share_plus/intermediates/verified_library_resources/release/compiled/drawable-anydpi-v21_ic_call_answer.xml.flat
[        ] Compiling xml file /home/runner/work/OBD-FOCUS/OBD-FOCUS/build/share_plus/intermediates/merged_res/release/drawable-anydpi-v21/ic_call_decline.xml to /home/runner/work/OBD-FOCUS/OBD-FOCUS/build/share_plus/intermediates/verified_library_resources/release/compiled/drawable-anydpi-v21_ic_call_decline.xml.flat
[        ] Compiling image file /home/runner/work/OBD-FOCUS/OBD-FOCUS/build/share_plus/intermediates/merged_res/release/drawable-hdpi-v4/ic_call_answer_video.png
[        ] Compiling file /home/runner/work/OBD-FOCUS/OBD-FOCUS/build/share_plus/intermediates/merged_res/release/drawable-hdpi-v4/ic_call_answer_video.png to /home/runner/work/OBD-FOCUS/OBD-FOCUS/build/share_plus/intermediates/verified_library_resources/release/compiled/drawable-hdpi-v4_ic_call_answer_video.png.flat
[        ] Compiling image file /home/runner/work/OBD-FOCUS/OBD-FOCUS/build/share_plus/intermediates/merged_res/release/drawable-hdpi-v4/notification_oversize_large_icon_bg.png
[        ] Compiling file /home/runner/work/OBD-FOCUS/OBD-FOCUS/build/share_plus/intermediates/merged_res/release/drawable-hdpi-v4/notification_oversize_large_icon_bg.png to /home/runner/work/OBD-FOCUS/OBD-FOCUS/build/share_plus/intermediates/verified_library_resources/release/compiled/drawable-hdpi-v4_notification_oversize_large_icon_bg.png.flat
[        ] Compiling image file /home/runner/work/OBD-FOCUS/OBD-FOCUS/build/share_plus/intermediates/merged_res/release/drawable-ldpi-v4/ic_call_answer_video.png
[        ] Compiling file /home/runner/work/OBD-FOCUS/OBD-FOCUS/build/share_plus/intermediates/merged_res/release/drawable-ldpi-v4/ic_call_answer_video.png to /home/runner/work/OBD-FOCUS/OBD-FOCUS/build/share_plus/intermediates/verified_library_resources/release/compiled/drawable-ldpi-v4_ic_call_answer_video.png.flat
[        ] Compiling image file /home/runner/work/OBD-FOCUS/OBD-FOCUS/build/share_plus/intermediates/merged_res/release/drawable-mdpi-v4/ic_call_answer.png
[        ] Compiling file /home/runner/work/OBD-FOCUS/OBD-FOCUS/build/share_plus/intermediates/merged_res/release/drawable-mdpi-v4/ic_call_answer.png to /home/runner/work/OBD-FOCUS/OBD-FOCUS/build/share_plus/intermediates/verified_library_resources/release/compiled/drawable-mdpi-v4_ic_call_answer.png.flat
[   +3 ms] Compiling image file /home/runner/work/OBD-FOCUS/OBD-FOCUS/build/share_plus/intermediates/merged_res/release/drawable-mdpi-v4/ic_call_decline.png
[        ] Compiling file /home/runner/work/OBD-FOCUS/OBD-FOCUS/build/share_plus/intermediates/merged_res/release/drawable-mdpi-v4/ic_call_decline.png to /home/runner/work/OBD-FOCUS/OBD-FOCUS/build/share_plus/intermediates/verified_library_resources/release/compiled/drawable-mdpi-v4_ic_call_decline.png.flat
[        ] Compiling image file /home/runner/work/OBD-FOCUS/OBD-FOCUS/build/share_plus/intermediates/merged_res/release/drawable-xhdpi-v4/ic_call_answer.png
[        ] Compiling file /home/runner/work/OBD-FOCUS/OBD-FOCUS/build/share_plus/intermediates/merged_res/release/drawable-xhdpi-v4/ic_call_answer.png to /home/runner/work/OBD-FOCUS/OBD-FOCUS/build/share_plus/intermediates/verified_library_resources/release/compiled/drawable-xhdpi-v4_ic_call_answer.png.flat
[        ] Compiling image file /home/runner/work/OBD-FOCUS/OBD-FOCUS/build/share_plus/intermediates/merged_res/release/drawable-xhdpi-v4/ic_call_decline.png
[        ] Compiling file /home/runner/work/OBD-FOCUS/OBD-FOCUS/build/share_plus/intermediates/merged_res/release/drawable-xhdpi-v4/ic_call_decline.png to /home/runner/work/OBD-FOCUS/OBD-FOCUS/build/share_plus/intermediates/verified_library_resources/release/compiled/drawable-xhdpi-v4_ic_call_decline.png.flat
[        ] Compiling image file /home/runner/work/OBD-FOCUS/OBD-FOCUS/build/share_plus/intermediates/merged_res/release/drawable-xxhdpi-v4/ic_call_answer_low.png
[        ] Compiling file /home/runner/work/OBD-FOCUS/OBD-FOCUS/build/share_plus/intermediates/merged_res/release/drawable-xxhdpi-v4/ic_call_answer_low.png to /home/runner/work/OBD-FOCUS/OBD-FOCUS/build/share_plus/intermediates/verified_library_resources/release/compiled/drawable-xxhdpi-v4_ic_call_answer_low.png.flat
[        ] Compiling image file /home/runner/work/OBD-FOCUS/OBD-FOCUS/build/share_plus/intermediates/merged_res/release/drawable-xxhdpi-v4/ic_call_decline_low.png
[        ] Compiling file /home/runner/work/OBD-FOCUS/OBD-FOCUS/build/share_plus/intermediates/merged_res/release/drawable-xxhdpi-v4/ic_call_decline_low.png to /home/runner/work/OBD-FOCUS/OBD-FOCUS/build/share_plus/intermediates/verified_library_resources/release/compiled/drawable-xxhdpi-v4_ic_call_decline_low.png.flat
[        ] Compiling image file /home/runner/work/OBD-FOCUS/OBD-FOCUS/build/share_plus/intermediates/merged_res/release/drawable-xxxhdpi-v4/ic_call_answer_video_low.png
[        ] Compiling file /home/runner/work/OBD-FOCUS/OBD-FOCUS/build/share_plus/intermediates/merged_res/release/drawable-xxxhdpi-v4/ic_call_answer_video_low.png to /home/runner/work/OBD-FOCUS/OBD-FOCUS/build/share_plus/intermediates/verified_library_resources/release/compiled/drawable-xxxhdpi-v4_ic_call_answer_video_low.png.flat
[        ] Compiling xml file /home/runner/work/OBD-FOCUS/OBD-FOCUS/build/share_plus/intermediates/merged_res/release/layout/ime_base_split_test_activity.xml to /home/runner/work/OBD-FOCUS/OBD-FOCUS/build/share_plus/intermediates/verified_library_resources/release/compiled/layout_ime_base_split_test_activity.xml.flat
[        ] Compiling xml file /home/runner/work/OBD-FOCUS/OBD-FOCUS/build/share_plus/intermediates/merged_res/release/layout/notification_template_custom_big.xml to /home/runner/work/OBD-FOCUS/OBD-FOCUS/build/share_plus/intermediates/verified_library_resources/release/compiled/layout_notification_template_custom_big.xml.flat
[        ] Compiling xml file /home/runner/work/OBD-FOCUS/OBD-FOCUS/build/share_plus/intermediates/merged_res/release/layout-v21/notification_action.xml to /home/runner/work/OBD-FOCUS/OBD-FOCUS/build/share_plus/intermediates/verified_library_resources/release/compiled/layout-v21_notification_action.xml.flat
[        ] Compiling XML table /home/runner/work/OBD-FOCUS/OBD-FOCUS/build/share_plus/intermediates/merged_res/release/values/values.xml to /home/runner/work/OBD-FOCUS/OBD-FOCUS/build/share_plus/intermediates/verified_library_resources/release/compiled/values_values.arsc.flat
[        ] Compiling XML table /home/runner/work/OBD-FOCUS/OBD-FOCUS/build/share_plus/intermediates/merged_res/release/values-as/values-as.xml to /home/runner/work/OBD-FOCUS/OBD-FOCUS/build/share_plus/intermediates/verified_library_resources/release/compiled/values-as_values-as.arsc.flat
[        ] Compiling XML table /home/runner/work/OBD-FOCUS/OBD-FOCUS/build/share_plus/intermediates/merged_res/release/values-bg/values-bg.xml to /home/runner/work/OBD-FOCUS/OBD-FOCUS/build/share_plus/intermediates/verified_library_resources/release/compiled/values-bg_values-bg.arsc.flat
[        ] Compiling XML table /home/runner/work/OBD-FOCUS/OBD-FOCUS/build/share_plus/intermediates/merged_res/release/values-cs/values-cs.xml to /home/runner/work/OBD-FOCUS/OBD-FOCUS/build/share_plus/intermediates/verified_library_resources/release/compiled/values-cs_values-cs.arsc.flat
[        ] Compiling XML table /home/runner/work/OBD-FOCUS/OBD-FOCUS/build/share_plus/intermediates/merged_res/release/values-en-rAU/values-en-rAU.xml to /home/runner/work/OBD-FOCUS/OBD-FOCUS/build/share_plus/intermediates/verified_library_resources/release/compiled/values-en-rAU_values-en-rAU.arsc.flat
[        ] Compiling XML table /home/runner/work/OBD-FOCUS/OBD-FOCUS/build/share_plus/intermediates/merged_res/release/values-en-rXC/values-en-rXC.xml to /home/runner/work/OBD-FOCUS/OBD-FOCUS/build/share_plus/intermediates/verified_library_resources/release/compiled/values-en-rXC_values-en-rXC.arsc.flat
[        ] Compiling XML table /home/runner/work/OBD-FOCUS/OBD-FOCUS/build/share_plus/intermediates/merged_res/release/values-eu/values-eu.xml to /home/runner/work/OBD-FOCUS/OBD-FOCUS/build/share_plus/intermediates/verified_library_resources/release/compiled/values-eu_values-eu.arsc.flat
[        ] Compiling XML table /home/runner/work/OBD-FOCUS/OBD-FOCUS/build/share_plus/intermediates/merged_res/release/values-fr-rCA/values-fr-rCA.xml to /home/runner/work/OBD-FOCUS/OBD-FOCUS/build/share_plus/intermediates/verified_library_resources/release/compiled/values-fr-rCA_values-fr-rCA.arsc.flat
[        ] Compiling XML table /home/runner/work/OBD-FOCUS/OBD-FOCUS/build/share_plus/intermediates/merged_res/release/values-hr/values-hr.xml to /home/runner/work/OBD-FOCUS/OBD-FOCUS/build/share_plus/intermediates/verified_library_resources/release/compiled/values-hr_values-hr.arsc.flat
[        ] Compiling XML table /home/runner/work/OBD-FOCUS/OBD-FOCUS/build/share_plus/intermediates/merged_res/release/values-is/values-is.xml to /home/runner/work/OBD-FOCUS/OBD-FOCUS/build/share_plus/intermediates/verified_library_resources/release/compiled/values-is_values-is.arsc.flat
[        ] Compiling XML table /home/runner/work/OBD-FOCUS/OBD-FOCUS/build/share_plus/intermediates/merged_res/release/values-ka/values-ka.xml to /home/runner/work/OBD-FOCUS/OBD-FOCUS/build/share_plus/intermediates/verified_library_resources/release/compiled/values-ka_values-ka.arsc.flat
[        ] Compiling XML table /home/runner/work/OBD-FOCUS/OBD-FOCUS/build/share_plus/intermediates/merged_res/release/values-ko/values-ko.xml to /home/runner/work/OBD-FOCUS/OBD-FOCUS/build/share_plus/intermediates/verified_library_resources/release/compiled/values-ko_values-ko.arsc.flat
[        ] Compiling XML table /home/runner/work/OBD-FOCUS/OBD-FOCUS/build/share_plus/intermediates/merged_res/release/values-lv/values-lv.xml to /home/runner/work/OBD-FOCUS/OBD-FOCUS/build/share_plus/intermediates/verified_library_resources/release/compiled/values-lv_values-lv.arsc.flat
[        ] Compiling XML table /home/runner/work/OBD-FOCUS/OBD-FOCUS/build/share_plus/intermediates/merged_res/release/values-mr/values-mr.xml to /home/runner/work/OBD-FOCUS/OBD-FOCUS/build/share_plus/intermediates/verified_library_resources/release/compiled/values-mr_values-mr.arsc.flat
[        ] Compiling XML table /home/runner/work/OBD-FOCUS/OBD-FOCUS/build/share_plus/intermediates/merged_res/release/values-ne/values-ne.xml to /home/runner/work/OBD-FOCUS/OBD-FOCUS/build/share_plus/intermediates/verified_library_resources/release/compiled/values-ne_values-ne.arsc.flat
[        ] Compiling XML table /home/runner/work/OBD-FOCUS/OBD-FOCUS/build/share_plus/intermediates/merged_res/release/values-pl/values-pl.xml to /home/runner/work/OBD-FOCUS/OBD-FOCUS/build/share_plus/intermediates/verified_library_resources/release/compiled/values-pl_values-pl.arsc.flat
[        ] Compiling XML table /home/runner/work/OBD-FOCUS/OBD-FOCUS/build/share_plus/intermediates/merged_res/release/values-ro/values-ro.xml to /home/runner/work/OBD-FOCUS/OBD-FOCUS/build/share_plus/intermediates/verified_library_resources/release/compiled/values-ro_values-ro.arsc.flat
[        ] Compiling XML table /home/runner/work/OBD-FOCUS/OBD-FOCUS/build/share_plus/intermediates/merged_res/release/values-sl/values-sl.xml to /home/runner/work/OBD-FOCUS/OBD-FOCUS/build/share_plus/intermediates/verified_library_resources/release/compiled/values-sl_values-sl.arsc.flat
[        ] Compiling XML table /home/runner/work/OBD-FOCUS/OBD-FOCUS/build/share_plus/intermediates/merged_res/release/values-sw/values-sw.xml to /home/runner/work/OBD-FOCUS/OBD-FOCUS/build/share_plus/intermediates/verified_library_resources/release/compiled/values-sw_values-sw.arsc.flat
[        ] Compiling XML table /home/runner/work/OBD-FOCUS/OBD-FOCUS/build/share_plus/intermediates/merged_res/release/values-tl/values-tl.xml to /home/runner/work/OBD-FOCUS/OBD-FOCUS/build/share_plus/intermediates/verified_library_resources/release/compiled/values-tl_values-tl.arsc.flat
[        ] Compiling XML table /home/runner/work/OBD-FOCUS/OBD-FOCUS/build/share_plus/intermediates/merged_res/release/values-uz/values-uz.xml to /home/runner/work/OBD-FOCUS/OBD-FOCUS/build/share_plus/intermediates/verified_library_resources/release/compiled/values-uz_values-uz.arsc.flat
[        ] Compiling XML table /home/runner/work/OBD-FOCUS/OBD-FOCUS/build/share_plus/intermediates/merged_res/release/values-zh-rHK/values-zh-rHK.xml to /home/runner/work/OBD-FOCUS/OBD-FOCUS/build/share_plus/intermediates/verified_library_resources/release/compiled/values-zh-rHK_values-zh-rHK.arsc.flat
[        ] Compiling xml file /home/runner/work/OBD-FOCUS/OBD-FOCUS/build/share_plus/intermediates/merged_res/release/animator/fragment_close_enter.xml to /home/runner/work/OBD-FOCUS/OBD-FOCUS/build/share_plus/intermediates/verified_library_resources/release/compiled/animator_fragment_close_enter.xml.flat
[        ] Compiling xml file /home/runner/work/OBD-FOCUS/OBD-FOCUS/build/share_plus/intermediates/merged_res/release/animator/fragment_open_enter.xml to /home/runner/work/OBD-FOCUS/OBD-FOCUS/build/share_plus/intermediates/verified_library_resources/release/compiled/animator_fragment_open_enter.xml.flat
[        ] Compiling xml file /home/runner/work/OBD-FOCUS/OBD-FOCUS/build/share_plus/intermediates/merged_res/release/drawable/notification_icon_background.xml to /home/runner/work/OBD-FOCUS/OBD-FOCUS/build/share_plus/intermediates/verified_library_resources/release/compiled/drawable_notification_icon_background.xml.flat
[        ] Compiling xml file /home/runner/work/OBD-FOCUS/OBD-FOCUS/build/share_plus/intermediates/merged_res/release/drawable-anydpi-v21/ic_call_answer_video.xml to /home/runner/work/OBD-FOCUS/OBD-FOCUS/build/share_plus/intermediates/verified_library_resources/release/compiled/drawable-anydpi-v21_ic_call_answer_video.xml.flat
[        ] Compiling image file /home/runner/work/OBD-FOCUS/OBD-FOCUS/build/share_plus/intermediates/merged_res/release/drawable-hdpi-v4/ic_call_answer.png
[        ] Compiling file /home/runner/work/OBD-FOCUS/OBD-FOCUS/build/share_plus/intermediates/merged_res/release/drawable-hdpi-v4/ic_call_answer.png to /home/runner/work/OBD-FOCUS/OBD-FOCUS/build/share_plus/intermediates/verified_library_resources/release/compiled/drawable-hdpi-v4_ic_call_answer.png.flat
[        ] Compiling image file /home/runner/work/OBD-FOCUS/OBD-FOCUS/build/share_plus/intermediates/merged_res/release/drawable-hdpi-v4/ic_call_decline.png
[        ] Compiling file /home/runner/work/OBD-FOCUS/OBD-FOCUS/build/share_plus/intermediates/merged_res/release/drawable-hdpi-v4/ic_call_decline.png to /home/runner/work/OBD-FOCUS/OBD-FOCUS/build/share_plus/intermediates/verified_library_resources/release/compiled/drawable-hdpi-v4_ic_call_decline.png.flat
[   +2 ms] Compiling image file /home/runner/work/OBD-FOCUS/OBD-FOCUS/build/share_plus/intermediates/merged_res/release/drawable-ldpi-v4/ic_call_answer.png
[        ] Compiling file /home/runner/work/OBD-FOCUS/OBD-FOCUS/build/share_plus/intermediates/merged_res/release/drawable-ldpi-v4/ic_call_answer.png to /home/runner/work/OBD-FOCUS/OBD-FOCUS/build/share_plus/intermediates/verified_library_resources/release/compiled/drawable-ldpi-v4_ic_call_answer.png.flat
[        ] Compiling image file /home/runner/work/OBD-FOCUS/OBD-FOCUS/build/share_plus/intermediates/merged_res/release/drawable-ldpi-v4/ic_call_decline.png
[        ] Compiling file /home/runner/work/OBD-FOCUS/OBD-FOCUS/build/share_plus/intermediates/merged_res/release/drawable-ldpi-v4/ic_call_decline.png to /home/runner/work/OBD-FOCUS/OBD-FOCUS/build/share_plus/intermediates/verified_library_resources/release/compiled/drawable-ldpi-v4_ic_call_decline.png.flat
[        ] Compiling image file /home/runner/work/OBD-FOCUS/OBD-FOCUS/build/share_plus/intermediates/merged_res/release/drawable-mdpi-v4/ic_call_answer_video.png
[        ] Compiling file /home/runner/work/OBD-FOCUS/OBD-FOCUS/build/share_plus/intermediates/merged_res/release/drawable-mdpi-v4/ic_call_answer_video.png to /home/runner/work/OBD-FOCUS/OBD-FOCUS/build/share_plus/intermediates/verified_library_resources/release/compiled/drawable-mdpi-v4_ic_call_answer_video.png.flat
[        ] Compiling image file /home/runner/work/OBD-FOCUS/OBD-FOCUS/build/share_plus/intermediates/merged_res/release/drawable-mdpi-v4/notify_panel_notification_icon_bg.png
[        ] Compiling file /home/runner/work/OBD-FOCUS/OBD-FOCUS/build/share_plus/intermediates/merged_res/release/drawable-mdpi-v4/notify_panel_notification_icon_bg.png to /home/runner/work/OBD-FOCUS/OBD-FOCUS/build/share_plus/intermediates/verified_library_resources/release/compiled/drawable-mdpi-v4_notify_panel_notification_icon_bg.png.flat
[        ] Compiling image file /home/runner/work/OBD-FOCUS/OBD-FOCUS/build/share_plus/intermediates/merged_res/release/drawable-xhdpi-v4/ic_call_answer_video.png
[        ] Compiling file /home/runner/work/OBD-FOCUS/OBD-FOCUS/build/share_plus/intermediates/merged_res/release/drawable-xhdpi-v4/ic_call_answer_video.png to /home/runner/work/OBD-FOCUS/OBD-FOCUS/build/share_plus/intermediates/verified_library_resources/release/compiled/drawable-xhdpi-v4_ic_call_answer_video.png.flat
[        ] Compiling image file /home/runner/work/OBD-FOCUS/OBD-FOCUS/build/share_plus/intermediates/merged_res/release/drawable-xhdpi-v4/notify_panel_notification_icon_bg.png
[        ] Compiling file /home/runner/work/OBD-FOCUS/OBD-FOCUS/build/share_plus/intermediates/merged_res/release/drawable-xhdpi-v4/notify_panel_notification_icon_bg.png to /home/runner/work/OBD-FOCUS/OBD-FOCUS/build/share_plus/intermediates/verified_library_resources/release/compiled/drawable-xhdpi-v4_notify_panel_notification_icon_bg.png.flat
[        ] Compiling image file /home/runner/work/OBD-FOCUS/OBD-FOCUS/build/share_plus/intermediates/merged_res/release/drawable-xxhdpi-v4/ic_call_answer_video_low.png
[        ] Compiling file /home/runner/work/OBD-FOCUS/OBD-FOCUS/build/share_plus/intermediates/merged_res/release/drawable-xxhdpi-v4/ic_call_answer_video_low.png to /home/runner/work/OBD-FOCUS/OBD-FOCUS/build/share_plus/intermediates/verified_library_resources/release/compiled/drawable-xxhdpi-v4_ic_call_answer_video_low.png.flat
[        ] Compiling image file /home/runner/work/OBD-FOCUS/OBD-FOCUS/build/share_plus/intermediates/merged_res/release/drawable-xxxhdpi-v4/ic_call_answer_low.png
[        ] Compiling file /home/runner/work/OBD-FOCUS/OBD-FOCUS/build/share_plus/intermediates/merged_res/release/drawable-xxxhdpi-v4/ic_call_answer_low.png to /home/runner/work/OBD-FOCUS/OBD-FOCUS/build/share_plus/intermediates/verified_library_resources/release/compiled/drawable-xxxhdpi-v4_ic_call_answer_low.png.flat
[        ] Compiling image file /home/runner/work/OBD-FOCUS/OBD-FOCUS/build/share_plus/intermediates/merged_res/release/drawable-xxxhdpi-v4/ic_call_decline_low.png
[        ] Compiling file /home/runner/work/OBD-FOCUS/OBD-FOCUS/build/share_plus/intermediates/merged_res/release/drawable-xxxhdpi-v4/ic_call_decline_low.png to /home/runner/work/OBD-FOCUS/OBD-FOCUS/build/share_plus/intermediates/verified_library_resources/release/compiled/drawable-xxxhdpi-v4_ic_call_decline_low.png.flat
[        ] Compiling xml file /home/runner/work/OBD-FOCUS/OBD-FOCUS/build/share_plus/intermediates/merged_res/release/layout/notification_action.xml to /home/runner/work/OBD-FOCUS/OBD-FOCUS/build/share_plus/intermediates/verified_library_resources/release/compiled/layout_notification_action.xml.flat
[        ] Compiling xml file /home/runner/work/OBD-FOCUS/OBD-FOCUS/build/share_plus/intermediates/merged_res/release/layout/notification_template_part_chronometer.xml to /home/runner/work/OBD-FOCUS/OBD-FOCUS/build/share_plus/intermediates/verified_library_resources/release/compiled/layout_notification_template_part_chronometer.xml.flat
[        ] Compiling xml file /home/runner/work/OBD-FOCUS/OBD-FOCUS/build/share_plus/intermediates/merged_res/release/layout-v21/notification_template_custom_big.xml to /home/runner/work/OBD-FOCUS/OBD-FOCUS/build/share_plus/intermediates/verified_library_resources/release/compiled/layout-v21_notification_template_custom_big.xml.flat
[        ] Compiling XML table /home/runner/work/OBD-FOCUS/OBD-FOCUS/build/share_plus/intermediates/merged_res/release/values-am/values-am.xml to /home/runner/work/OBD-FOCUS/OBD-FOCUS/build/share_plus/intermediates/verified_library_resources/release/compiled/values-am_values-am.arsc.flat
[        ] Compiling XML table /home/runner/work/OBD-FOCUS/OBD-FOCUS/build/share_plus/intermediates/merged_res/release/values-b+sr+Latn/values-b+sr+Latn.xml to /home/runner/work/OBD-FOCUS/OBD-FOCUS/build/share_plus/intermediates/verified_library_resources/release/compiled/values-b+sr+Latn_values-b+sr+Latn.arsc.flat
[        ] Compiling XML table /home/runner/work/OBD-FOCUS/OBD-FOCUS/build/share_plus/intermediates/merged_res/release/values-bs/values-bs.xml to /home/runner/work/OBD-FOCUS/OBD-FOCUS/build/share_plus/intermediates/verified_library_resources/release/compiled/values-bs_values-bs.arsc.flat
[        ] Compiling XML table /home/runner/work/OBD-FOCUS/OBD-FOCUS/build/share_plus/intermediates/merged_res/release/values-de/values-de.xml to /home/runner/work/OBD-FOCUS/OBD-FOCUS/build/share_plus/intermediates/verified_library_resources/release/compiled/values-de_values-de.arsc.flat
[        ] Compiling XML table /home/runner/work/OBD-FOCUS/OBD-FOCUS/build/share_plus/intermediates/merged_res/release/values-en-rGB/values-en-rGB.xml to /home/runner/work/OBD-FOCUS/OBD-FOCUS/build/share_plus/intermediates/verified_library_resources/release/compiled/values-en-rGB_values-en-rGB.arsc.flat
[        ] Compiling XML table /home/runner/work/OBD-FOCUS/OBD-FOCUS/build/share_plus/intermediates/merged_res/release/values-es-rUS/values-es-rUS.xml to /home/runner/work/OBD-FOCUS/OBD-FOCUS/build/share_plus/intermediates/verified_library_resources/release/compiled/values-es-rUS_values-es-rUS.arsc.flat
[        ] Compiling xml file /home/runner/work/OBD-FOCUS/OBD-FOCUS/build/share_plus/intermediates/merged_res/release/animator/fragment_close_exit.xml to /home/runner/work/OBD-FOCUS/OBD-FOCUS/build/share_plus/intermediates/verified_library_resources/release/compiled/animator_fragment_close_exit.xml.flat
[        ] Compiling xml file /home/runner/work/OBD-FOCUS/OBD-FOCUS/build/share_plus/intermediates/merged_res/release/animator/fragment_open_exit.xml to /home/runner/work/OBD-FOCUS/OBD-FOCUS/build/share_plus/intermediates/verified_library_resources/release/compiled/animator_fragment_open_exit.xml.flat
[        ] Compiling xml file /home/runner/work/OBD-FOCUS/OBD-FOCUS/build/share_plus/intermediates/merged_res/release/drawable/notification_tile_bg.xml to /home/runner/work/OBD-FOCUS/OBD-FOCUS/build/share_plus/intermediates/verified_library_resources/release/compiled/drawable_notification_tile_bg.xml.flat
[        ] Compiling XML table /home/runner/work/OBD-FOCUS/OBD-FOCUS/build/share_plus/intermediates/merged_res/release/values-fi/values-fi.xml to /home/runner/work/OBD-FOCUS/OBD-FOCUS/build/share_plus/intermediates/verified_library_resources/release/compiled/values-fi_values-fi.arsc.flat
[        ] Compiling xml file /home/runner/work/OBD-FOCUS/OBD-FOCUS/build/share_plus/intermediates/merged_res/release/drawable-anydpi-v21/ic_call_answer_video_low.xml to /home/runner/work/OBD-FOCUS/OBD-FOCUS/build/share_plus/intermediates/verified_library_resources/release/compiled/drawable-anydpi-v21_ic_call_answer_video_low.xml.flat
[        ] Compiling XML table /home/runner/work/OBD-FOCUS/OBD-FOCUS/build/share_plus/intermediates/merged_res/release/values-gu/values-gu.xml to /home/runner/work/OBD-FOCUS/OBD-FOCUS/build/share_plus/intermediates/verified_library_resources/release/compiled/values-gu_values-gu.arsc.flat
[        ] Compiling image file /home/runner/work/OBD-FOCUS/OBD-FOCUS/build/share_plus/intermediates/merged_res/release/drawable-hdpi-v4/ic_call_answer_low.png
[        ] Compiling file /home/runner/work/OBD-FOCUS/OBD-FOCUS/build/share_plus/intermediates/merged_res/release/drawable-hdpi-v4/ic_call_answer_low.png to /home/runner/work/OBD-FOCUS/OBD-FOCUS/build/share_plus/intermediates/verified_library_resources/release/compiled/drawable-hdpi-v4_ic_call_answer_low.png.flat
[        ] Compiling image file /home/runner/work/OBD-FOCUS/OBD-FOCUS/build/share_plus/intermediates/merged_res/release/drawable-hdpi-v4/ic_call_decline_low.png
[        ] Compiling file /home/runner/work/OBD-FOCUS/OBD-FOCUS/build/share_plus/intermediates/merged_res/release/drawable-hdpi-v4/ic_call_decline_low.png to /home/runner/work/OBD-FOCUS/OBD-FOCUS/build/share_plus/intermediates/verified_library_resources/release/compiled/drawable-hdpi-v4_ic_call_decline_low.png.flat
[        ] Compiling image file /home/runner/work/OBD-FOCUS/OBD-FOCUS/build/share_plus/intermediates/merged_res/release/drawable-ldpi-v4/ic_call_answer_low.png
[        ] Compiling file /home/runner/work/OBD-FOCUS/OBD-FOCUS/build/share_plus/intermediates/merged_res/release/drawable-ldpi-v4/ic_call_answer_low.png to /home/runner/work/OBD-FOCUS/OBD-FOCUS/build/share_plus/intermediates/verified_library_resources/release/compiled/drawable-ldpi-v4_ic_call_answer_low.png.flat
[        ] Compiling XML table /home/runner/work/OBD-FOCUS/OBD-FOCUS/build/share_plus/intermediates/merged_res/release/values-hy/values-hy.xml to /home/runner/work/OBD-FOCUS/OBD-FOCUS/build/share_plus/intermediates/verified_library_resources/release/compiled/values-hy_values-hy.arsc.flat
[        ] Compiling image file /home/runner/work/OBD-FOCUS/OBD-FOCUS/build/share_plus/intermediates/merged_res/release/drawable-ldpi-v4/ic_call_decline_low.png
[        ] Compiling file /home/runner/work/OBD-FOCUS/OBD-FOCUS/build/share_plus/intermediates/merged_res/release/drawable-ldpi-v4/ic_call_decline_low.png to /home/runner/work/OBD-FOCUS/OBD-FOCUS/build/share_plus/intermediates/verified_library_resources/release/compiled/drawable-ldpi-v4_ic_call_decline_low.png.flat
[        ] Compiling image file /home/runner/work/OBD-FOCUS/OBD-FOCUS/build/share_plus/intermediates/merged_res/release/drawable-mdpi-v4/ic_call_answer_video_low.png
[        ] Compiling file /home/runner/work/OBD-FOCUS/OBD-FOCUS/build/share_plus/intermediates/merged_res/release/drawable-mdpi-v4/ic_call_answer_video_low.png to /home/runner/work/OBD-FOCUS/OBD-FOCUS/build/share_plus/intermediates/verified_library_resources/release/compiled/drawable-mdpi-v4_ic_call_answer_video_low.png.flat
[        ] Compiling xml file /home/runner/work/OBD-FOCUS/OBD-FOCUS/build/share_plus/intermediates/merged_res/release/drawable-v21/notification_action_background.xml to /home/runner/work/OBD-FOCUS/OBD-FOCUS/build/share_plus/intermediates/verified_library_resources/release/compiled/drawable-v21_notification_action_background.xml.flat
[        ] Compiling XML table /home/runner/work/OBD-FOCUS/OBD-FOCUS/build/share_plus/intermediates/merged_res/release/values-iw/values-iw.xml to /home/runner/work/OBD-FOCUS/OBD-FOCUS/build/share_plus/intermediates/verified_library_resources/release/compiled/values-iw_values-iw.arsc.flat
[        ] Compiling XML table /home/runner/work/OBD-FOCUS/OBD-FOCUS/build/share_plus/intermediates/merged_res/release/values-km/values-km.xml to /home/runner/work/OBD-FOCUS/OBD-FOCUS/build/share_plus/intermediates/verified_library_resources/release/compiled/values-km_values-km.arsc.flat
[        ] Compiling XML table /home/runner/work/OBD-FOCUS/OBD-FOCUS/build/share_plus/intermediates/merged_res/release/values-lo/values-lo.xml to /home/runner/work/OBD-FOCUS/OBD-FOCUS/build/share_plus/intermediates/verified_library_resources/release/compiled/values-lo_values-lo.arsc.flat
[        ] Compiling XML table /home/runner/work/OBD-FOCUS/OBD-FOCUS/build/share_plus/intermediates/merged_res/release/values-ml/values-ml.xml to /home/runner/work/OBD-FOCUS/OBD-FOCUS/build/share_plus/intermediates/verified_library_resources/release/compiled/values-ml_values-ml.arsc.flat
[        ] Compiling image file /home/runner/work/OBD-FOCUS/OBD-FOCUS/build/share_plus/intermediates/merged_res/release/drawable-xhdpi-v4/ic_call_answer_video_low.png
[        ] Compiling file /home/runner/work/OBD-FOCUS/OBD-FOCUS/build/share_plus/intermediates/merged_res/release/drawable-xhdpi-v4/ic_call_answer_video_low.png to /home/runner/work/OBD-FOCUS/OBD-FOCUS/build/share_plus/intermediates/verified_library_resources/release/compiled/drawable-xhdpi-v4_ic_call_answer_video_low.png.flat
[        ] Compiling image file /home/runner/work/OBD-FOCUS/OBD-FOCUS/build/share_plus/intermediates/merged_res/release/drawable-xxhdpi-v4/ic_call_answer.png
[        ] Compiling file /home/runner/work/OBD-FOCUS/OBD-FOCUS/build/share_plus/intermediates/merged_res/release/drawable-xxhdpi-v4/ic_call_answer.png to /home/runner/work/OBD-FOCUS/OBD-FOCUS/build/share_plus/intermediates/verified_library_resources/release/compiled/drawable-xxhdpi-v4_ic_call_answer.png.flat
[        ] Compiling image file /home/runner/work/OBD-FOCUS/OBD-FOCUS/build/share_plus/intermediates/merged_res/release/drawable-xxhdpi-v4/ic_call_decline.png
[        ] Compiling file /home/runner/work/OBD-FOCUS/OBD-FOCUS/build/share_plus/intermediates/merged_res/release/drawable-xxhdpi-v4/ic_call_decline.png to /home/runner/work/OBD-FOCUS/OBD-FOCUS/build/share_plus/intermediates/verified_library_resources/release/compiled/drawable-xxhdpi-v4_ic_call_decline.png.flat
[        ] Compiling image file /home/runner/work/OBD-FOCUS/OBD-FOCUS/build/share_plus/intermediates/merged_res/release/drawable-xxxhdpi-v4/ic_call_answer_video.png
[        ] Compiling file /home/runner/work/OBD-FOCUS/OBD-FOCUS/build/share_plus/intermediates/merged_res/release/drawable-xxxhdpi-v4/ic_call_answer_video.png to /home/runner/work/OBD-FOCUS/OBD-FOCUS/build/share_plus/intermediates/verified_library_resources/release/compiled/drawable-xxxhdpi-v4_ic_call_answer_video.png.flat
[        ] Compiling xml file /home/runner/work/OBD-FOCUS/OBD-FOCUS/build/share_plus/intermediates/merged_res/release/layout/custom_dialog.xml to /home/runner/work/OBD-FOCUS/OBD-FOCUS/build/share_plus/intermediates/verified_library_resources/release/compiled/layout_custom_dialog.xml.flat
[        ] Compiling XML table /home/runner/work/OBD-FOCUS/OBD-FOCUS/build/share_plus/intermediates/merged_res/release/values-my/values-my.xml to /home/runner/work/OBD-FOCUS/OBD-FOCUS/build/share_plus/intermediates/verified_library_resources/release/compiled/values-my_values-my.arsc.flat
[        ] Compiling xml file /home/runner/work/OBD-FOCUS/OBD-FOCUS/build/share_plus/intermediates/merged_res/release/layout/notification_action_tombstone.xml to /home/runner/work/OBD-FOCUS/OBD-FOCUS/build/share_plus/intermediates/verified_library_resources/release/compiled/layout_notification_action_tombstone.xml.flat
[        ] Compiling XML table /home/runner/work/OBD-FOCUS/OBD-FOCUS/build/share_plus/intermediates/merged_res/release/values-or/values-or.xml to /home/runner/work/OBD-FOCUS/OBD-FOCUS/build/share_plus/intermediates/verified_library_resources/release/compiled/values-or_values-or.arsc.flat
[        ] Compiling xml file /home/runner/work/OBD-FOCUS/OBD-FOCUS/build/share_plus/intermediates/merged_res/release/layout/notification_template_part_time.xml to /home/runner/work/OBD-FOCUS/OBD-FOCUS/build/share_plus/intermediates/verified_library_resources/release/compiled/layout_notification_template_part_time.xml.flat
[   +3 ms] Compiling xml file /home/runner/work/OBD-FOCUS/OBD-FOCUS/build/share_plus/intermediates/merged_res/release/layout-v21/notification_template_icon_group.xml to /home/runner/work/OBD-FOCUS/OBD-FOCUS/build/share_plus/intermediates/verified_library_resources/release/compiled/layout-v21_notification_template_icon_group.xml.flat
[        ] Compiling XML table /home/runner/work/OBD-FOCUS/OBD-FOCUS/build/share_plus/intermediates/merged_res/release/values-ar/values-ar.xml to /home/runner/work/OBD-FOCUS/OBD-FOCUS/build/share_plus/intermediates/verified_library_resources/release/compiled/values-ar_values-ar.arsc.flat
[        ] Compiling XML table /home/runner/work/OBD-FOCUS/OBD-FOCUS/build/share_plus/intermediates/merged_res/release/values-be/values-be.xml to /home/runner/work/OBD-FOCUS/OBD-FOCUS/build/share_plus/intermediates/verified_library_resources/release/compiled/values-be_values-be.arsc.flat
[        ] Compiling XML table /home/runner/work/OBD-FOCUS/OBD-FOCUS/build/share_plus/intermediates/merged_res/release/values-ca/values-ca.xml to /home/runner/work/OBD-FOCUS/OBD-FOCUS/build/share_plus/intermediates/verified_library_resources/release/compiled/values-ca_values-ca.arsc.flat
[        ] Compiling XML table /home/runner/work/OBD-FOCUS/OBD-FOCUS/build/share_plus/intermediates/merged_res/release/values-el/values-el.xml to /home/runner/work/OBD-FOCUS/OBD-FOCUS/build/share_plus/intermediates/verified_library_resources/release/compiled/values-el_values-el.arsc.flat
[        ] Compiling XML table /home/runner/work/OBD-FOCUS/OBD-FOCUS/build/share_plus/intermediates/merged_res/release/values-pt-rBR/values-pt-rBR.xml to /home/runner/work/OBD-FOCUS/OBD-FOCUS/build/share_plus/intermediates/verified_library_resources/release/compiled/values-pt-rBR_values-pt-rBR.arsc.flat
[        ] Compiling XML table /home/runner/work/OBD-FOCUS/OBD-FOCUS/build/share_plus/intermediates/merged_res/release/values-si/values-si.xml to /home/runner/work/OBD-FOCUS/OBD-FOCUS/build/share_plus/intermediates/verified_library_resources/release/compiled/values-si_values-si.arsc.flat
[        ] Compiling XML table /home/runner/work/OBD-FOCUS/OBD-FOCUS/build/share_plus/intermediates/merged_res/release/values-sr/values-sr.xml to /home/runner/work/OBD-FOCUS/OBD-FOCUS/build/share_plus/intermediates/verified_library_resources/release/compiled/values-sr_values-sr.arsc.flat
[        ] Compiling XML table /home/runner/work/OBD-FOCUS/OBD-FOCUS/build/share_plus/intermediates/merged_res/release/values-te/values-te.xml to /home/runner/work/OBD-FOCUS/OBD-FOCUS/build/share_plus/intermediates/verified_library_resources/release/compiled/values-te_values-te.arsc.flat
[        ] Compiling XML table /home/runner/work/OBD-FOCUS/OBD-FOCUS/build/share_plus/intermediates/merged_res/release/values-uk/values-uk.xml to /home/runner/work/OBD-FOCUS/OBD-FOCUS/build/share_plus/intermediates/verified_library_resources/release/compiled/values-uk_values-uk.arsc.flat
[        ] Compiling XML table /home/runner/work/OBD-FOCUS/OBD-FOCUS/build/share_plus/intermediates/merged_res/release/values-vi/values-vi.xml to /home/runner/work/OBD-FOCUS/OBD-FOCUS/build/share_plus/intermediates/verified_library_resources/release/compiled/values-vi_values-vi.arsc.flat
[        ] Compiling XML table /home/runner/work/OBD-FOCUS/OBD-FOCUS/build/share_plus/intermediates/merged_res/release/values-en-rIN/values-en-rIN.xml to /home/runner/work/OBD-FOCUS/OBD-FOCUS/build/share_plus/intermediates/verified_library_resources/release/compiled/values-en-rIN_values-en-rIN.arsc.flat
[        ] Compiling XML table /home/runner/work/OBD-FOCUS/OBD-FOCUS/build/share_plus/intermediates/merged_res/release/values-et/values-et.xml to /home/runner/work/OBD-FOCUS/OBD-FOCUS/build/share_plus/intermediates/verified_library_resources/release/compiled/values-et_values-et.arsc.flat
[        ] Compiling XML table /home/runner/work/OBD-FOCUS/OBD-FOCUS/build/share_plus/intermediates/merged_res/release/values-fr/values-fr.xml to /home/runner/work/OBD-FOCUS/OBD-FOCUS/build/share_plus/intermediates/verified_library_resources/release/compiled/values-fr_values-fr.arsc.flat
[        ] Compiling XML table /home/runner/work/OBD-FOCUS/OBD-FOCUS/build/share_plus/intermediates/merged_res/release/values-hi/values-hi.xml to /home/runner/work/OBD-FOCUS/OBD-FOCUS/build/share_plus/intermediates/verified_library_resources/release/compiled/values-hi_values-hi.arsc.flat
[        ] Compiling XML table /home/runner/work/OBD-FOCUS/OBD-FOCUS/build/share_plus/intermediates/merged_res/release/values-in/values-in.xml to /home/runner/work/OBD-FOCUS/OBD-FOCUS/build/share_plus/intermediates/verified_library_resources/release/compiled/values-in_values-in.arsc.flat
[        ] Compiling XML table /home/runner/work/OBD-FOCUS/OBD-FOCUS/build/share_plus/intermediates/merged_res/release/values-ja/values-ja.xml to /home/runner/work/OBD-FOCUS/OBD-FOCUS/build/share_plus/intermediates/verified_library_resources/release/compiled/values-ja_values-ja.arsc.flat
[        ] Compiling XML table /home/runner/work/OBD-FOCUS/OBD-FOCUS/build/share_plus/intermediates/merged_res/release/values-zu/values-zu.xml to /home/runner/work/OBD-FOCUS/OBD-FOCUS/build/share_plus/intermediates/verified_library_resources/release/compiled/values-zu_values-zu.arsc.flat
[        ] Compiling XML table /home/runner/work/OBD-FOCUS/OBD-FOCUS/build/share_plus/intermediates/merged_res/release/values-kn/values-kn.xml to /home/runner/work/OBD-FOCUS/OBD-FOCUS/build/share_plus/intermediates/verified_library_resources/release/compiled/values-kn_values-kn.arsc.flat
[        ] Compiling XML table /home/runner/work/OBD-FOCUS/OBD-FOCUS/build/share_plus/intermediates/merged_res/release/values-lt/values-lt.xml to /home/runner/work/OBD-FOCUS/OBD-FOCUS/build/share_plus/intermediates/verified_library_resources/release/compiled/values-lt_values-lt.arsc.flat
[        ] Compiling XML table /home/runner/work/OBD-FOCUS/OBD-FOCUS/build/share_plus/intermediates/merged_res/release/values-mn/values-mn.xml to /home/runner/work/OBD-FOCUS/OBD-FOCUS/build/share_plus/intermediates/verified_library_resources/release/compiled/values-mn_values-mn.arsc.flat
[        ] Compiling XML table /home/runner/work/OBD-FOCUS/OBD-FOCUS/build/share_plus/intermediates/merged_res/release/values-nb/values-nb.xml to /home/runner/work/OBD-FOCUS/OBD-FOCUS/build/share_plus/intermediates/verified_library_resources/release/compiled/values-nb_values-nb.arsc.flat
[        ] Compiling XML table /home/runner/work/OBD-FOCUS/OBD-FOCUS/build/share_plus/intermediates/merged_res/release/values-pa/values-pa.xml to /home/runner/work/OBD-FOCUS/OBD-FOCUS/build/share_plus/intermediates/verified_library_resources/release/compiled/values-pa_values-pa.arsc.flat
[        ] Compiling XML table /home/runner/work/OBD-FOCUS/OBD-FOCUS/build/share_plus/intermediates/merged_res/release/values-pt-rPT/values-pt-rPT.xml to /home/runner/work/OBD-FOCUS/OBD-FOCUS/build/share_plus/intermediates/verified_library_resources/release/compiled/values-pt-rPT_values-pt-rPT.arsc.flat
[        ] Compiling XML table /home/runner/work/OBD-FOCUS/OBD-FOCUS/build/share_plus/intermediates/merged_res/release/values-sk/values-sk.xml to /home/runner/work/OBD-FOCUS/OBD-FOCUS/build/share_plus/intermediates/verified_library_resources/release/compiled/values-sk_values-sk.arsc.flat
[        ] Compiling XML table /home/runner/work/OBD-FOCUS/OBD-FOCUS/build/share_plus/intermediates/merged_res/release/values-sv/values-sv.xml to /home/runner/work/OBD-FOCUS/OBD-FOCUS/build/share_plus/intermediates/verified_library_resources/release/compiled/values-sv_values-sv.arsc.flat
[        ] Compiling XML table /home/runner/work/OBD-FOCUS/OBD-FOCUS/build/share_plus/intermediates/merged_res/release/values-th/values-th.xml to /home/runner/work/OBD-FOCUS/OBD-FOCUS/build/share_plus/intermediates/verified_library_resources/release/compiled/values-th_values-th.arsc.flat
[        ] Compiling XML table /home/runner/work/OBD-FOCUS/OBD-FOCUS/build/share_plus/intermediates/merged_res/release/values-ur/values-ur.xml to /home/runner/work/OBD-FOCUS/OBD-FOCUS/build/share_plus/intermediates/verified_library_resources/release/compiled/values-ur_values-ur.arsc.flat
[        ] Compiling XML table /home/runner/work/OBD-FOCUS/OBD-FOCUS/build/share_plus/intermediates/merged_res/release/values-zh-rCN/values-zh-rCN.xml to /home/runner/work/OBD-FOCUS/OBD-FOCUS/build/share_plus/intermediates/verified_library_resources/release/compiled/values-zh-rCN_values-zh-rCN.arsc.flat
[        ] Compiling xml file /home/runner/work/OBD-FOCUS/OBD-FOCUS/build/share_plus/intermediates/merged_res/release/xml/flutter_share_file_paths.xml to /home/runner/work/OBD-FOCUS/OBD-FOCUS/build/share_plus/intermediates/verified_library_resources/release/compiled/xml_flutter_share_file_paths.xml.flat
[        ] Compiling xml file /home/runner/work/OBD-FOCUS/OBD-FOCUS/build/share_plus/intermediates/merged_res/release/anim-v21/fragment_fast_out_extra_slow_in.xml to /home/runner/work/OBD-FOCUS/OBD-FOCUS/build/share_plus/intermediates/verified_library_resources/release/compiled/anim-v21_fragment_fast_out_extra_slow_in.xml.flat
[        ] Compiling xml file /home/runner/work/OBD-FOCUS/OBD-FOCUS/build/share_plus/intermediates/merged_res/release/animator/fragment_fade_exit.xml to /home/runner/work/OBD-FOCUS/OBD-FOCUS/build/share_plus/intermediates/verified_library_resources/release/compiled/animator_fragment_fade_exit.xml.flat
[        ] Compiling xml file /home/runner/work/OBD-FOCUS/OBD-FOCUS/build/share_plus/intermediates/merged_res/release/drawable/notification_bg_low.xml to /home/runner/work/OBD-FOCUS/OBD-FOCUS/build/share_plus/intermediates/verified_library_resources/release/compiled/drawable_notification_bg_low.xml.flat
[        ] Compiling xml file /home/runner/work/OBD-FOCUS/OBD-FOCUS/build/share_plus/intermediates/merged_res/release/drawable-anydpi-v21/ic_call_answer_low.xml to /home/runner/work/OBD-FOCUS/OBD-FOCUS/build/share_plus/intermediates/verified_library_resources/release/compiled/drawable-anydpi-v21_ic_call_answer_low.xml.flat
[        ] Compiling xml file /home/runner/work/OBD-FOCUS/OBD-FOCUS/build/share_plus/intermediates/merged_res/release/drawable-anydpi-v21/ic_call_decline_low.xml to /home/runner/work/OBD-FOCUS/OBD-FOCUS/build/share_plus/intermediates/verified_library_resources/release/compiled/drawable-anydpi-v21_ic_call_decline_low.xml.flat
[        ] Compiling image file /home/runner/work/OBD-FOCUS/OBD-FOCUS/build/share_plus/intermediates/merged_res/release/drawable-hdpi-v4/ic_call_answer_video_low.png
[        ] Compiling file /home/runner/work/OBD-FOCUS/OBD-FOCUS/build/share_plus/intermediates/merged_res/release/drawable-hdpi-v4/ic_call_answer_video_low.png to /home/runner/work/OBD-FOCUS/OBD-FOCUS/build/share_plus/intermediates/verified_library_resources/release/compiled/drawable-hdpi-v4_ic_call_answer_video_low.png.flat
[        ] Compiling image file /home/runner/work/OBD-FOCUS/OBD-FOCUS/build/share_plus/intermediates/merged_res/release/drawable-hdpi-v4/notify_panel_notification_icon_bg.png
[        ] Compiling file /home/runner/work/OBD-FOCUS/OBD-FOCUS/build/share_plus/intermediates/merged_res/release/drawable-hdpi-v4/notify_panel_notification_icon_bg.png to /home/runner/work/OBD-FOCUS/OBD-FOCUS/build/share_plus/intermediates/verified_library_resources/release/compiled/drawable-hdpi-v4_notify_panel_notification_icon_bg.png.flat
[        ] Compiling image file /home/runner/work/OBD-FOCUS/OBD-FOCUS/build/share_plus/intermediates/merged_res/release/drawable-ldpi-v4/ic_call_answer_video_low.png
[        ] Compiling file /home/runner/work/OBD-FOCUS/OBD-FOCUS/build/share_plus/intermediates/merged_res/release/drawable-ldpi-v4/ic_call_answer_video_low.png to /home/runner/work/OBD-FOCUS/OBD-FOCUS/build/share_plus/intermediates/verified_library_resources/release/compiled/drawable-ldpi-v4_ic_call_answer_video_low.png.flat
[        ] Compiling image file /home/runner/work/OBD-FOCUS/OBD-FOCUS/build/share_plus/intermediates/merged_res/release/drawable-mdpi-v4/ic_call_answer_low.png
[        ] Compiling file /home/runner/work/OBD-FOCUS/OBD-FOCUS/build/share_plus/intermediates/merged_res/release/drawable-mdpi-v4/ic_call_answer_low.png to /home/runner/work/OBD-FOCUS/OBD-FOCUS/build/share_plus/intermediates/verified_library_resources/release/compiled/drawable-mdpi-v4_ic_call_answer_low.png.flat
[        ] Compiling image file /home/runner/work/OBD-FOCUS/OBD-FOCUS/build/share_plus/intermediates/merged_res/release/drawable-mdpi-v4/ic_call_decline_low.png
[        ] Compiling file /home/runner/work/OBD-FOCUS/OBD-FOCUS/build/share_plus/intermediates/merged_res/release/drawable-mdpi-v4/ic_call_decline_low.png to /home/runner/work/OBD-FOCUS/OBD-FOCUS/build/share_plus/intermediates/verified_library_resources/release/compiled/drawable-mdpi-v4_ic_call_decline_low.png.flat
[        ] Compiling image file /home/runner/work/OBD-FOCUS/OBD-FOCUS/build/share_plus/intermediates/merged_res/release/drawable-xhdpi-v4/ic_call_answer_low.png
[        ] Compiling file /home/runner/work/OBD-FOCUS/OBD-FOCUS/build/share_plus/intermediates/merged_res/release/drawable-xhdpi-v4/ic_call_answer_low.png to /home/runner/work/OBD-FOCUS/OBD-FOCUS/build/share_plus/intermediates/verified_library_resources/release/compiled/drawable-xhdpi-v4_ic_call_answer_low.png.flat
[        ] Compiling image file /home/runner/work/OBD-FOCUS/OBD-FOCUS/build/share_plus/intermediates/merged_res/release/drawable-xhdpi-v4/ic_call_decline_low.png
[        ] Compiling file /home/runner/work/OBD-FOCUS/OBD-FOCUS/build/share_plus/intermediates/merged_res/release/drawable-xhdpi-v4/ic_call_decline_low.png to /home/runner/work/OBD-FOCUS/OBD-FOCUS/build/share_plus/intermediates/verified_library_resources/release/compiled/drawable-xhdpi-v4_ic_call_decline_low.png.flat
[        ] Compiling image file /home/runner/work/OBD-FOCUS/OBD-FOCUS/build/share_plus/intermediates/merged_res/release/drawable-xxhdpi-v4/ic_call_answer_video.png
[        ] Compiling file /home/runner/work/OBD-FOCUS/OBD-FOCUS/build/share_plus/intermediates/merged_res/release/drawable-xxhdpi-v4/ic_call_answer_video.png to /home/runner/work/OBD-FOCUS/OBD-FOCUS/build/share_plus/intermediates/verified_library_resources/release/compiled/drawable-xxhdpi-v4_ic_call_answer_video.png.flat
[        ] Compiling image file /home/runner/work/OBD-FOCUS/OBD-FOCUS/build/share_plus/intermediates/merged_res/release/drawable-xxxhdpi-v4/ic_call_answer.png
[        ] Compiling file /home/runner/work/OBD-FOCUS/OBD-FOCUS/build/share_plus/intermediates/merged_res/release/drawable-xxxhdpi-v4/ic_call_answer.png to /home/runner/work/OBD-FOCUS/OBD-FOCUS/build/share_plus/intermediates/verified_library_resources/release/compiled/drawable-xxxhdpi-v4_ic_call_answer.png.flat
[        ] Compiling image file /home/runner/work/OBD-FOCUS/OBD-FOCUS/build/share_plus/intermediates/merged_res/release/drawable-xxxhdpi-v4/ic_call_decline.png
[        ] Compiling file /home/runner/work/OBD-FOCUS/OBD-FOCUS/build/share_plus/intermediates/merged_res/release/drawable-xxxhdpi-v4/ic_call_decline.png to /home/runner/work/OBD-FOCUS/OBD-FOCUS/build/share_plus/intermediates/verified_library_resources/release/compiled/drawable-xxxhdpi-v4_ic_call_decline.png.flat
[        ] Compiling xml file /home/runner/work/OBD-FOCUS/OBD-FOCUS/build/share_plus/intermediates/merged_res/release/layout/ime_secondary_split_test_activity.xml to /home/runner/work/OBD-FOCUS/OBD-FOCUS/build/share_plus/intermediates/verified_library_resources/release/compiled/layout_ime_secondary_split_test_activity.xml.flat
[        ] Compiling xml file /home/runner/work/OBD-FOCUS/OBD-FOCUS/build/share_plus/intermediates/merged_res/release/layout/notification_template_icon_group.xml to /home/runner/work/OBD-FOCUS/OBD-FOCUS/build/share_plus/intermediates/verified_library_resources/release/compiled/layout_notification_template_icon_group.xml.flat
[        ] Compiling xml file /home/runner/work/OBD-FOCUS/OBD-FOCUS/build/share_plus/intermediates/merged_res/release/layout-v21/notification_action_tombstone.xml to /home/runner/work/OBD-FOCUS/OBD-FOCUS/build/share_plus/intermediates/verified_library_resources/release/compiled/layout-v21_notification_action_tombstone.xml.flat
[   +3 ms] Compiling XML table /home/runner/work/OBD-FOCUS/OBD-FOCUS/build/share_plus/intermediates/merged_res/release/values-af/values-af.xml to /home/runner/work/OBD-FOCUS/OBD-FOCUS/build/share_plus/intermediates/verified_library_resources/release/compiled/values-af_values-af.arsc.flat
[        ] Compiling XML table /home/runner/work/OBD-FOCUS/OBD-FOCUS/build/share_plus/intermediates/merged_res/release/values-az/values-az.xml to /home/runner/work/OBD-FOCUS/OBD-FOCUS/build/share_plus/intermediates/verified_library_resources/release/compiled/values-az_values-az.arsc.flat
[        ] Compiling XML table /home/runner/work/OBD-FOCUS/OBD-FOCUS/build/share_plus/intermediates/merged_res/release/values-bn/values-bn.xml to /home/runner/work/OBD-FOCUS/OBD-FOCUS/build/share_plus/intermediates/verified_library_resources/release/compiled/values-bn_values-bn.arsc.flat
[        ] Compiling XML table /home/runner/work/OBD-FOCUS/OBD-FOCUS/build/share_plus/intermediates/merged_res/release/values-da/values-da.xml to /home/runner/work/OBD-FOCUS/OBD-FOCUS/build/share_plus/intermediates/verified_library_resources/release/compiled/values-da_values-da.arsc.flat
[        ] Compiling XML table /home/runner/work/OBD-FOCUS/OBD-FOCUS/build/share_plus/intermediates/merged_res/release/values-en-rCA/values-en-rCA.xml to /home/runner/work/OBD-FOCUS/OBD-FOCUS/build/share_plus/intermediates/verified_library_resources/release/compiled/values-en-rCA_values-en-rCA.arsc.flat
[        ] Compiling XML table /home/runner/work/OBD-FOCUS/OBD-FOCUS/build/share_plus/intermediates/merged_res/release/values-es/values-es.xml to /home/runner/work/OBD-FOCUS/OBD-FOCUS/build/share_plus/intermediates/verified_library_resources/release/compiled/values-es_values-es.arsc.flat
[        ] Compiling XML table /home/runner/work/OBD-FOCUS/OBD-FOCUS/build/share_plus/intermediates/merged_res/release/values-fa/values-fa.xml to /home/runner/work/OBD-FOCUS/OBD-FOCUS/build/share_plus/intermediates/verified_library_resources/release/compiled/values-fa_values-fa.arsc.flat
[        ] Compiling XML table /home/runner/work/OBD-FOCUS/OBD-FOCUS/build/share_plus/intermediates/merged_res/release/values-gl/values-gl.xml to /home/runner/work/OBD-FOCUS/OBD-FOCUS/build/share_plus/intermediates/verified_library_resources/release/compiled/values-gl_values-gl.arsc.flat
[        ] Compiling XML table /home/runner/work/OBD-FOCUS/OBD-FOCUS/build/share_plus/intermediates/merged_res/release/values-hu/values-hu.xml to /home/runner/work/OBD-FOCUS/OBD-FOCUS/build/share_plus/intermediates/verified_library_resources/release/compiled/values-hu_values-hu.arsc.flat
[        ] Compiling XML table /home/runner/work/OBD-FOCUS/OBD-FOCUS/build/share_plus/intermediates/merged_res/release/values-it/values-it.xml to /home/runner/work/OBD-FOCUS/OBD-FOCUS/build/share_plus/intermediates/verified_library_resources/release/compiled/values-it_values-it.arsc.flat
[        ] Compiling XML table /home/runner/work/OBD-FOCUS/OBD-FOCUS/build/share_plus/intermediates/merged_res/release/values-kk/values-kk.xml to /home/runner/work/OBD-FOCUS/OBD-FOCUS/build/share_plus/intermediates/verified_library_resources/release/compiled/values-kk_values-kk.arsc.flat
[        ] Compiling XML table /home/runner/work/OBD-FOCUS/OBD-FOCUS/build/share_plus/intermediates/merged_res/release/values-ky/values-ky.xml to /home/runner/work/OBD-FOCUS/OBD-FOCUS/build/share_plus/intermediates/verified_library_resources/release/compiled/values-ky_values-ky.arsc.flat
[        ] Compiling XML table /home/runner/work/OBD-FOCUS/OBD-FOCUS/build/share_plus/intermediates/merged_res/release/values-mk/values-mk.xml to /home/runner/work/OBD-FOCUS/OBD-FOCUS/build/share_plus/intermediates/verified_library_resources/release/compiled/values-mk_values-mk.arsc.flat
[        ] Compiling XML table /home/runner/work/OBD-FOCUS/OBD-FOCUS/build/share_plus/intermediates/merged_res/release/values-ms/values-ms.xml to /home/runner/work/OBD-FOCUS/OBD-FOCUS/build/share_plus/intermediates/verified_library_resources/release/compiled/values-ms_values-ms.arsc.flat
[        ] Compiling XML table /home/runner/work/OBD-FOCUS/OBD-FOCUS/build/share_plus/intermediates/merged_res/release/values-nl/values-nl.xml to /home/runner/work/OBD-FOCUS/OBD-FOCUS/build/share_plus/intermediates/verified_library_resources/release/compiled/values-nl_values-nl.arsc.flat
[        ] Compiling XML table /home/runner/work/OBD-FOCUS/OBD-FOCUS/build/share_plus/intermediates/merged_res/release/values-pt/values-pt.xml to /home/runner/work/OBD-FOCUS/OBD-FOCUS/build/share_plus/intermediates/verified_library_resources/release/compiled/values-pt_values-pt.arsc.flat
[        ] Compiling XML table /home/runner/work/OBD-FOCUS/OBD-FOCUS/build/share_plus/intermediates/merged_res/release/values-ru/values-ru.xml to /home/runner/work/OBD-FOCUS/OBD-FOCUS/build/share_plus/intermediates/verified_library_resources/release/compiled/values-ru_values-ru.arsc.flat
[        ] Compiling XML table /home/runner/work/OBD-FOCUS/OBD-FOCUS/build/share_plus/intermediates/merged_res/release/values-sq/values-sq.xml to /home/runner/work/OBD-FOCUS/OBD-FOCUS/build/share_plus/intermediates/verified_library_resources/release/compiled/values-sq_values-sq.arsc.flat
[        ] Compiling XML table /home/runner/work/OBD-FOCUS/OBD-FOCUS/build/share_plus/intermediates/merged_res/release/values-ta/values-ta.xml to /home/runner/work/OBD-FOCUS/OBD-FOCUS/build/share_plus/intermediates/verified_library_resources/release/compiled/values-ta_values-ta.arsc.flat
[        ] Compiling XML table /home/runner/work/OBD-FOCUS/OBD-FOCUS/build/share_plus/intermediates/merged_res/release/values-tr/values-tr.xml to /home/runner/work/OBD-FOCUS/OBD-FOCUS/build/share_plus/intermediates/verified_library_resources/release/compiled/values-tr_values-tr.arsc.flat
[        ] Compiling XML table /home/runner/work/OBD-FOCUS/OBD-FOCUS/build/share_plus/intermediates/merged_res/release/values-v21/values-v21.xml to /home/runner/work/OBD-FOCUS/OBD-FOCUS/build/share_plus/intermediates/verified_library_resources/release/compiled/values-v21_values-v21.arsc.flat
[        ] Compiling XML table /home/runner/work/OBD-FOCUS/OBD-FOCUS/build/share_plus/intermediates/merged_res/release/values-zh-rTW/values-zh-rTW.xml to /home/runner/work/OBD-FOCUS/OBD-FOCUS/build/share_plus/intermediates/verified_library_resources/release/compiled/values-zh-rTW_values-zh-rTW.arsc.flat
[        ] Resolve mutations for :share_plus:assembleRelease (Thread[Execution worker Thread 2,5,main]) started.
[        ] :share_plus:assembleRelease (Thread[Execution worker Thread 2,5,main]) started.
[        ] > Task :share_plus:assembleRelease
[        ] Skipping task ':share_plus:assembleRelease' as it has no actions.
[        ] > Task :sqflite_android:verifyReleaseResources
[        ] Transforming aapt2-7.4.2-8841542-linux.jar (com.android.tools.build:aapt2:7.4.2-8841542) with Aapt2Extractor
[        ] Transforming fragment-1.7.1.aar (androidx.fragment:fragment:1.7.1) with JetifyTransform
[        ] Transforming fragment-1.7.1.aar (androidx.fragment:fragment:1.7.1) with ExtractAarTransform
[        ] Transforming fragment-1.7.1.aar (androidx.fragment:fragment:1.7.1) with AarResourcesCompilerTransform
[        ] Transforming window-1.2.0.aar (androidx.window:window:1.2.0) with JetifyTransform
[        ] Transforming window-1.2.0.aar (androidx.window:window:1.2.0) with ExtractAarTransform
[        ] Transforming window-1.2.0.aar (androidx.window:window:1.2.0) with AarResourcesCompilerTransform
[        ] Transforming window-java-1.2.0.aar (androidx.window:window-java:1.2.0) with JetifyTransform
[   +1 ms] Transforming window-java-1.2.0.aar (androidx.window:window-java:1.2.0) with ExtractAarTransform
[        ] Transforming window-java-1.2.0.aar (androidx.window:window-java:1.2.0) with AarResourcesCompilerTransform
[        ] Transforming activity-1.8.1.aar (androidx.activity:activity:1.8.1) with JetifyTransform
[        ] Transforming activity-1.8.1.aar (androidx.activity:activity:1.8.1) with ExtractAarTransform
[        ] Transforming activity-1.8.1.aar (androidx.activity:activity:1.8.1) with AarResourcesCompilerTransform
[        ] Transforming loader-1.0.0.aar (androidx.loader:loader:1.0.0) with JetifyTransform
[        ] Transforming loader-1.0.0.aar (androidx.loader:loader:1.0.0) with ExtractAarTransform
[        ] Transforming loader-1.0.0.aar (androidx.loader:loader:1.0.0) with AarResourcesCompilerTransform
[        ] Transforming viewpager-1.0.0.aar (androidx.viewpager:viewpager:1.0.0) with JetifyTransform
[        ] Transforming viewpager-1.0.0.aar (androidx.viewpager:viewpager:1.0.0) with ExtractAarTransform
[        ] Transforming viewpager-1.0.0.aar (androidx.viewpager:viewpager:1.0.0) with AarResourcesCompilerTransform
[        ] Transforming lifecycle-livedata-core-ktx-2.7.0.aar (androidx.lifecycle:lifecycle-livedata-core-ktx:2.7.0) with JetifyTransform
[        ] Transforming lifecycle-livedata-core-ktx-2.7.0.aar (androidx.lifecycle:lifecycle-livedata-core-ktx:2.7.0) with ExtractAarTransform
[        ] Transforming lifecycle-livedata-core-ktx-2.7.0.aar (androidx.lifecycle:lifecycle-livedata-core-ktx:2.7.0) with AarResourcesCompilerTransform
[        ] Transforming lifecycle-livedata-2.7.0.aar (androidx.lifecycle:lifecycle-livedata:2.7.0) with JetifyTransform
[        ] Transforming lifecycle-livedata-2.7.0.aar (androidx.lifecycle:lifecycle-livedata:2.7.0) with ExtractAarTransform
[        ] Transforming lifecycle-livedata-2.7.0.aar (androidx.lifecycle:lifecycle-livedata:2.7.0) with AarResourcesCompilerTransform
[        ] Transforming lifecycle-viewmodel-2.7.0.aar (androidx.lifecycle:lifecycle-viewmodel:2.7.0) with JetifyTransform
[        ] Transforming lifecycle-viewmodel-2.7.0.aar (androidx.lifecycle:lifecycle-viewmodel:2.7.0) with ExtractAarTransform
[        ] Transforming lifecycle-viewmodel-2.7.0.aar (androidx.lifecycle:lifecycle-viewmodel:2.7.0) with AarResourcesCompilerTransform
[        ] Transforming lifecycle-viewmodel-2.7.0.aar (androidx.lifecycle:lifecycle-viewmodel:2.7.0) with JetifyTransform
[        ] Transforming lifecycle-viewmodel-2.7.0.aar (androidx.lifecycle:lifecycle-viewmodel:2.7.0) with ExtractAarTransform
[        ] Transforming lifecycle-viewmodel-2.7.0.aar (androidx.lifecycle:lifecycle-viewmodel:2.7.0) with AarResourcesCompilerTransform
[        ] Transforming lifecycle-livedata-core-2.7.0.aar (androidx.lifecycle:lifecycle-livedata-core:2.7.0) with JetifyTransform
[        ] Transforming lifecycle-livedata-core-2.7.0.aar (androidx.lifecycle:lifecycle-livedata-core:2.7.0) with ExtractAarTransform
[        ] Transforming lifecycle-livedata-core-2.7.0.aar (androidx.lifecycle:lifecycle-livedata-core:2.7.0) with AarResourcesCompilerTransform
[        ] Transforming lifecycle-viewmodel-savedstate-2.7.0.aar (androidx.lifecycle:lifecycle-viewmodel-savedstate:2.7.0) with JetifyTransform
[        ] Transforming lifecycle-viewmodel-savedstate-2.7.0.aar (androidx.lifecycle:lifecycle-viewmodel-savedstate:2.7.0) with ExtractAarTransform
[        ] Transforming lifecycle-viewmodel-savedstate-2.7.0.aar (androidx.lifecycle:lifecycle-viewmodel-savedstate:2.7.0) with AarResourcesCompilerTransform
[        ] Transforming core-ktx-1.13.1.aar (androidx.core:core-ktx:1.13.1) with JetifyTransform
[        ] Transforming core-ktx-1.13.1.aar (androidx.core:core-ktx:1.13.1) with ExtractAarTransform
[        ] Transforming core-ktx-1.13.1.aar (androidx.core:core-ktx:1.13.1) with AarResourcesCompilerTransform
[        ] Transforming customview-1.0.0.aar (androidx.customview:customview:1.0.0) with JetifyTransform
[        ] Transforming customview-1.0.0.aar (androidx.customview:customview:1.0.0) with ExtractAarTransform
[        ] Transforming customview-1.0.0.aar (androidx.customview:customview:1.0.0) with AarResourcesCompilerTransform
[        ] Transforming core-1.13.1.aar (androidx.core:core:1.13.1) with JetifyTransform
[        ] Transforming core-1.13.1.aar (androidx.core:core:1.13.1) with ExtractAarTransform
[        ] Transforming core-1.13.1.aar (androidx.core:core:1.13.1) with AarResourcesCompilerTransform
[        ] Transforming core-1.13.1.aar (androidx.core:core:1.13.1) with JetifyTransform
[        ] Transforming core-1.13.1.aar (androidx.core:core:1.13.1) with ExtractAarTransform
[        ] Transforming core-1.13.1.aar (androidx.core:core:1.13.1) with AarResourcesCompilerTransform
[        ] Transforming lifecycle-runtime-2.7.0.aar (androidx.lifecycle:lifecycle-runtime:2.7.0) with JetifyTransform
[        ] Transforming lifecycle-runtime-2.7.0.aar (androidx.lifecycle:lifecycle-runtime:2.7.0) with ExtractAarTransform
[        ] Transforming lifecycle-runtime-2.7.0.aar (androidx.lifecycle:lifecycle-runtime:2.7.0) with AarResourcesCompilerTransform
[        ] Transforming lifecycle-process-2.7.0.aar (androidx.lifecycle:lifecycle-process:2.7.0) with JetifyTransform
[        ] Transforming lifecycle-process-2.7.0.aar (androidx.lifecycle:lifecycle-process:2.7.0) with ExtractAarTransform
[        ] Transforming lifecycle-process-2.7.0.aar (androidx.lifecycle:lifecycle-process:2.7.0) with AarResourcesCompilerTransform
[        ] Transforming savedstate-1.2.1.aar (androidx.savedstate:savedstate:1.2.1) with JetifyTransform
[        ] Transforming savedstate-1.2.1.aar (androidx.savedstate:savedstate:1.2.1) with ExtractAarTransform
[        ] Transforming savedstate-1.2.1.aar (androidx.savedstate:savedstate:1.2.1) with AarResourcesCompilerTransform
[        ] Transforming profileinstaller-1.3.1.aar (androidx.profileinstaller:profileinstaller:1.3.1) with JetifyTransform
[        ] Transforming profileinstaller-1.3.1.aar (androidx.profileinstaller:profileinstaller:1.3.1) with ExtractAarTransform
[        ] Transforming profileinstaller-1.3.1.aar (androidx.profileinstaller:profileinstaller:1.3.1) with AarResourcesCompilerTransform
[        ] Transforming startup-runtime-1.1.1.aar (androidx.startup:startup-runtime:1.1.1) with JetifyTransform
[        ] Transforming startup-runtime-1.1.1.aar (androidx.startup:startup-runtime:1.1.1) with ExtractAarTransform
[        ] Transforming startup-runtime-1.1.1.aar (androidx.startup:startup-runtime:1.1.1) with AarResourcesCompilerTransform
[        ] Transforming tracing-1.2.0.aar (androidx.tracing:tracing:1.2.0) with JetifyTransform
[        ] Transforming tracing-1.2.0.aar (androidx.tracing:tracing:1.2.0) with ExtractAarTransform
[        ] Transforming tracing-1.2.0.aar (androidx.tracing:tracing:1.2.0) with AarResourcesCompilerTransform
[        ] Transforming core-runtime-2.2.0.aar (androidx.arch.core:core-runtime:2.2.0) with JetifyTransform
[        ] Transforming core-runtime-2.2.0.aar (androidx.arch.core:core-runtime:2.2.0) with ExtractAarTransform
[        ] Transforming core-runtime-2.2.0.aar (androidx.arch.core:core-runtime:2.2.0) with AarResourcesCompilerTransform
[        ] Transforming versionedparcelable-1.1.1.aar (androidx.versionedparcelable:versionedparcelable:1.1.1) with JetifyTransform
[        ] Transforming versionedparcelable-1.1.1.aar (androidx.versionedparcelable:versionedparcelable:1.1.1) with ExtractAarTransform
[        ] Transforming versionedparcelable-1.1.1.aar (androidx.versionedparcelable:versionedparcelable:1.1.1) with AarResourcesCompilerTransform
[        ] Transforming interpolator-1.0.0.aar (androidx.interpolator:interpolator:1.0.0) with JetifyTransform
[        ] Transforming interpolator-1.0.0.aar (androidx.interpolator:interpolator:1.0.0) with ExtractAarTransform
[        ] Transforming interpolator-1.0.0.aar (androidx.interpolator:interpolator:1.0.0) with AarResourcesCompilerTransform
[        ] Transforming core-1.0.0.aar (androidx.window.extensions.core:core:1.0.0) with JetifyTransform
[        ] Transforming core-1.0.0.aar (androidx.window.extensions.core:core:1.0.0) with ExtractAarTransform
[        ] Transforming core-1.0.0.aar (androidx.window.extensions.core:core:1.0.0) with AarResourcesCompilerTransform
[        ] Transforming relinker-1.4.5.aar (com.getkeepsafe.relinker:relinker:1.4.5) with JetifyTransform
[        ] Transforming relinker-1.4.5.aar (com.getkeepsafe.relinker:relinker:1.4.5) with ExtractAarTransform
[        ] Transforming relinker-1.4.5.aar (com.getkeepsafe.relinker:relinker:1.4.5) with AarResourcesCompilerTransform
[        ] Transforming annotation-experimental-1.4.0.aar (androidx.annotation:annotation-experimental:1.4.0) with JetifyTransform
[        ] Transforming annotation-experimental-1.4.0.aar (androidx.annotation:annotation-experimental:1.4.0) with ExtractAarTransform
[        ] Transforming annotation-experimental-1.4.0.aar (androidx.annotation:annotation-experimental:1.4.0) with AarResourcesCompilerTransform
[        ] Caching disabled for task ':sqflite_android:verifyReleaseResources' because:
[        ]   Build cache is disabled
[        ] Task ':sqflite_android:verifyReleaseResources' is not up-to-date because:
[        ]   No history is available.
[        ] The input changes require a full rebuild for incremental task ':sqflite_android:verifyReleaseResources'.
[        ] Compiling xml file /home/runner/work/OBD-FOCUS/OBD-FOCUS/build/sqflite_android/intermediates/merged_res/release/anim/fragment_fast_out_extra_slow_in.xml to /home/runner/work/OBD-FOCUS/OBD-FOCUS/build/sqflite_android/intermediates/verified_library_resources/release/compiled/anim_fragment_fast_out_extra_slow_in.xml.flat
[        ] Compiling xml file /home/runner/work/OBD-FOCUS/OBD-FOCUS/build/sqflite_android/intermediates/merged_res/release/animator/fragment_fade_enter.xml to /home/runner/work/OBD-FOCUS/OBD-FOCUS/build/sqflite_android/intermediates/verified_library_resources/release/compiled/animator_fragment_fade_enter.xml.flat
[        ] Compiling xml file /home/runner/work/OBD-FOCUS/OBD-FOCUS/build/sqflite_android/intermediates/merged_res/release/drawable/notification_bg.xml to /home/runner/work/OBD-FOCUS/OBD-FOCUS/build/sqflite_android/intermediates/verified_library_resources/release/compiled/drawable_notification_bg.xml.flat
[        ] Compiling xml file /home/runner/work/OBD-FOCUS/OBD-FOCUS/build/sqflite_android/intermediates/merged_res/release/drawable-anydpi-v21/ic_call_answer.xml to /home/runner/work/OBD-FOCUS/OBD-FOCUS/build/sqflite_android/intermediates/verified_library_resources/release/compiled/drawable-anydpi-v21_ic_call_answer.xml.flat
[        ] Compiling xml file /home/runner/work/OBD-FOCUS/OBD-FOCUS/build/sqflite_android/intermediates/merged_res/release/drawable-anydpi-v21/ic_call_decline.xml to /home/runner/work/OBD-FOCUS/OBD-FOCUS/build/sqflite_android/intermediates/verified_library_resources/release/compiled/drawable-anydpi-v21_ic_call_decline.xml.flat
[        ] Compiling image file /home/runner/work/OBD-FOCUS/OBD-FOCUS/build/sqflite_android/intermediates/merged_res/release/drawable-hdpi-v4/ic_call_answer_video.png
[        ] Compiling file /home/runner/work/OBD-FOCUS/OBD-FOCUS/build/sqflite_android/intermediates/merged_res/release/drawable-hdpi-v4/ic_call_answer_video.png to /home/runner/work/OBD-FOCUS/OBD-FOCUS/build/sqflite_android/intermediates/verified_library_resources/release/compiled/drawable-hdpi-v4_ic_call_answer_video.png.flat
[        ] Compiling image file /home/runner/work/OBD-FOCUS/OBD-FOCUS/build/sqflite_android/intermediates/merged_res/release/drawable-hdpi-v4/notification_oversize_large_icon_bg.png
[        ] Compiling file /home/runner/work/OBD-FOCUS/OBD-FOCUS/build/sqflite_android/intermediates/merged_res/release/drawable-hdpi-v4/notification_oversize_large_icon_bg.png to /home/runner/work/OBD-FOCUS/OBD-FOCUS/build/sqflite_android/intermediates/verified_library_resources/release/compiled/drawable-hdpi-v4_notification_oversize_large_icon_bg.png.flat
[        ] Compiling image file /home/runner/work/OBD-FOCUS/OBD-FOCUS/build/sqflite_android/intermediates/merged_res/release/drawable-ldpi-v4/ic_call_answer_video.png
[        ] Compiling file /home/runner/work/OBD-FOCUS/OBD-FOCUS/build/sqflite_android/intermediates/merged_res/release/drawable-ldpi-v4/ic_call_answer_video.png to /home/runner/work/OBD-FOCUS/OBD-FOCUS/build/sqflite_android/intermediates/verified_library_resources/release/compiled/drawable-ldpi-v4_ic_call_answer_video.png.flat
[        ] Compiling image file /home/runner/work/OBD-FOCUS/OBD-FOCUS/build/sqflite_android/intermediates/merged_res/release/drawable-mdpi-v4/ic_call_answer.png
[        ] Compiling file /home/runner/work/OBD-FOCUS/OBD-FOCUS/build/sqflite_android/intermediates/merged_res/release/drawable-mdpi-v4/ic_call_answer.png to /home/runner/work/OBD-FOCUS/OBD-FOCUS/build/sqflite_android/intermediates/verified_library_resources/release/compiled/drawable-mdpi-v4_ic_call_answer.png.flat
[        ] Compiling image file /home/runner/work/OBD-FOCUS/OBD-FOCUS/build/sqflite_android/intermediates/merged_res/release/drawable-mdpi-v4/ic_call_decline.png
[        ] Compiling file /home/runner/work/OBD-FOCUS/OBD-FOCUS/build/sqflite_android/intermediates/merged_res/release/drawable-mdpi-v4/ic_call_decline.png to /home/runner/work/OBD-FOCUS/OBD-FOCUS/build/sqflite_android/intermediates/verified_library_resources/release/compiled/drawable-mdpi-v4_ic_call_decline.png.flat
[        ] Compiling image file /home/runner/work/OBD-FOCUS/OBD-FOCUS/build/sqflite_android/intermediates/merged_res/release/drawable-xhdpi-v4/ic_call_answer.png
[        ] Compiling file /home/runner/work/OBD-FOCUS/OBD-FOCUS/build/sqflite_android/intermediates/merged_res/release/drawable-xhdpi-v4/ic_call_answer.png to /home/runner/work/OBD-FOCUS/OBD-FOCUS/build/sqflite_android/intermediates/verified_library_resources/release/compiled/drawable-xhdpi-v4_ic_call_answer.png.flat
[        ] Compiling image file /home/runner/work/OBD-FOCUS/OBD-FOCUS/build/sqflite_android/intermediates/merged_res/release/drawable-xhdpi-v4/ic_call_decline.png
[        ] Compiling file /home/runner/work/OBD-FOCUS/OBD-FOCUS/build/sqflite_android/intermediates/merged_res/release/drawable-xhdpi-v4/ic_call_decline.png to /home/runner/work/OBD-FOCUS/OBD-FOCUS/build/sqflite_android/intermediates/verified_library_resources/release/compiled/drawable-xhdpi-v4_ic_call_decline.png.flat
[        ] Compiling image file /home/runner/work/OBD-FOCUS/OBD-FOCUS/build/sqflite_android/intermediates/merged_res/release/drawable-xxhdpi-v4/ic_call_answer_low.png
[        ] Compiling file /home/runner/work/OBD-FOCUS/OBD-FOCUS/build/sqflite_android/intermediates/merged_res/release/drawable-xxhdpi-v4/ic_call_answer_low.png to /home/runner/work/OBD-FOCUS/OBD-FOCUS/build/sqflite_android/intermediates/verified_library_resources/release/compiled/drawable-xxhdpi-v4_ic_call_answer_low.png.flat
[        ] Compiling image file /home/runner/work/OBD-FOCUS/OBD-FOCUS/build/sqflite_android/intermediates/merged_res/release/drawable-xxhdpi-v4/ic_call_decline_low.png
[        ] Compiling file /home/runner/work/OBD-FOCUS/OBD-FOCUS/build/sqflite_android/intermediates/merged_res/release/drawable-xxhdpi-v4/ic_call_decline_low.png to /home/runner/work/OBD-FOCUS/OBD-FOCUS/build/sqflite_android/intermediates/verified_library_resources/release/compiled/drawable-xxhdpi-v4_ic_call_decline_low.png.flat
[        ] Compiling image file /home/runner/work/OBD-FOCUS/OBD-FOCUS/build/sqflite_android/intermediates/merged_res/release/drawable-xxxhdpi-v4/ic_call_answer_video_low.png
[        ] Compiling file /home/runner/work/OBD-FOCUS/OBD-FOCUS/build/sqflite_android/intermediates/merged_res/release/drawable-xxxhdpi-v4/ic_call_answer_video_low.png to /home/runner/work/OBD-FOCUS/OBD-FOCUS/build/sqflite_android/intermediates/verified_library_resources/release/compiled/drawable-xxxhdpi-v4_ic_call_answer_video_low.png.flat
[        ] Compiling xml file /home/runner/work/OBD-FOCUS/OBD-FOCUS/build/sqflite_android/intermediates/merged_res/release/layout/ime_base_split_test_activity.xml to /home/runner/work/OBD-FOCUS/OBD-FOCUS/build/sqflite_android/intermediates/verified_library_resources/release/compiled/layout_ime_base_split_test_activity.xml.flat
[        ] Compiling xml file /home/runner/work/OBD-FOCUS/OBD-FOCUS/build/sqflite_android/intermediates/merged_res/release/layout/notification_template_custom_big.xml to /home/runner/work/OBD-FOCUS/OBD-FOCUS/build/sqflite_android/intermediates/verified_library_resources/release/compiled/layout_notification_template_custom_big.xml.flat
[        ] Compiling xml file /home/runner/work/OBD-FOCUS/OBD-FOCUS/build/sqflite_android/intermediates/merged_res/release/layout-v21/notification_action.xml to /home/runner/work/OBD-FOCUS/OBD-FOCUS/build/sqflite_android/intermediates/verified_library_resources/release/compiled/layout-v21_notification_action.xml.flat
[        ] Compiling XML table /home/runner/work/OBD-FOCUS/OBD-FOCUS/build/sqflite_android/intermediates/merged_res/release/values/values.xml to /home/runner/work/OBD-FOCUS/OBD-FOCUS/build/sqflite_android/intermediates/verified_library_resources/release/compiled/values_values.arsc.flat
[        ] Compiling xml file /home/runner/work/OBD-FOCUS/OBD-FOCUS/build/sqflite_android/intermediates/merged_res/release/anim-v21/fragment_fast_out_extra_slow_in.xml to /home/runner/work/OBD-FOCUS/OBD-FOCUS/build/sqflite_android/intermediates/verified_library_resources/release/compiled/anim-v21_fragment_fast_out_extra_slow_in.xml.flat
[        ] Compiling xml file /home/runner/work/OBD-FOCUS/OBD-FOCUS/build/sqflite_android/intermediates/merged_res/release/animator/fragment_fade_exit.xml to /home/runner/work/OBD-FOCUS/OBD-FOCUS/build/sqflite_android/intermediates/verified_library_resources/release/compiled/animator_fragment_fade_exit.xml.flat
[        ] Compiling xml file /home/runner/work/OBD-FOCUS/OBD-FOCUS/build/sqflite_android/intermediates/merged_res/release/drawable/notification_bg_low.xml to /home/runner/work/OBD-FOCUS/OBD-FOCUS/build/sqflite_android/intermediates/verified_library_resources/release/compiled/drawable_notification_bg_low.xml.flat
[        ] Compiling xml file /home/runner/work/OBD-FOCUS/OBD-FOCUS/build/sqflite_android/intermediates/merged_res/release/drawable-anydpi-v21/ic_call_answer_low.xml to /home/runner/work/OBD-FOCUS/OBD-FOCUS/build/sqflite_android/intermediates/verified_library_resources/release/compiled/drawable-anydpi-v21_ic_call_answer_low.xml.flat
[        ] Compiling xml file /home/runner/work/OBD-FOCUS/OBD-FOCUS/build/sqflite_android/intermediates/merged_res/release/drawable-anydpi-v21/ic_call_decline_low.xml to /home/runner/work/OBD-FOCUS/OBD-FOCUS/build/sqflite_android/intermediates/verified_library_resources/release/compiled/drawable-anydpi-v21_ic_call_decline_low.xml.flat
[        ] Compiling image file /home/runner/work/OBD-FOCUS/OBD-FOCUS/build/sqflite_android/intermediates/merged_res/release/drawable-hdpi-v4/ic_call_answer_video_low.png
[        ] Compiling file /home/runner/work/OBD-FOCUS/OBD-FOCUS/build/sqflite_android/intermediates/merged_res/release/drawable-hdpi-v4/ic_call_answer_video_low.png to /home/runner/work/OBD-FOCUS/OBD-FOCUS/build/sqflite_android/intermediates/verified_library_resources/release/compiled/drawable-hdpi-v4_ic_call_answer_video_low.png.flat
[        ] Compiling image file /home/runner/work/OBD-FOCUS/OBD-FOCUS/build/sqflite_android/intermediates/merged_res/release/drawable-hdpi-v4/notify_panel_notification_icon_bg.png
[        ] Compiling file /home/runner/work/OBD-FOCUS/OBD-FOCUS/build/sqflite_android/intermediates/merged_res/release/drawable-hdpi-v4/notify_panel_notification_icon_bg.png to /home/runner/work/OBD-FOCUS/OBD-FOCUS/build/sqflite_android/intermediates/verified_library_resources/release/compiled/drawable-hdpi-v4_notify_panel_notification_icon_bg.png.flat
[        ] Compiling image file /home/runner/work/OBD-FOCUS/OBD-FOCUS/build/sqflite_android/intermediates/merged_res/release/drawable-ldpi-v4/ic_call_answer_video_low.png
[        ] Compiling file /home/runner/work/OBD-FOCUS/OBD-FOCUS/build/sqflite_android/intermediates/merged_res/release/drawable-ldpi-v4/ic_call_answer_video_low.png to /home/runner/work/OBD-FOCUS/OBD-FOCUS/build/sqflite_android/intermediates/verified_library_resources/release/compiled/drawable-ldpi-v4_ic_call_answer_video_low.png.flat
[        ] Compiling image file /home/runner/work/OBD-FOCUS/OBD-FOCUS/build/sqflite_android/intermediates/merged_res/release/drawable-mdpi-v4/ic_call_answer_low.png
[        ] Compiling file /home/runner/work/OBD-FOCUS/OBD-FOCUS/build/sqflite_android/intermediates/merged_res/release/drawable-mdpi-v4/ic_call_answer_low.png to /home/runner/work/OBD-FOCUS/OBD-FOCUS/build/sqflite_android/intermediates/verified_library_resources/release/compiled/drawable-mdpi-v4_ic_call_answer_low.png.flat
[        ] Compiling image file /home/runner/work/OBD-FOCUS/OBD-FOCUS/build/sqflite_android/intermediates/merged_res/release/drawable-mdpi-v4/ic_call_decline_low.png
[        ] Compiling file /home/runner/work/OBD-FOCUS/OBD-FOCUS/build/sqflite_android/intermediates/merged_res/release/drawable-mdpi-v4/ic_call_decline_low.png to /home/runner/work/OBD-FOCUS/OBD-FOCUS/build/sqflite_android/intermediates/verified_library_resources/release/compiled/drawable-mdpi-v4_ic_call_decline_low.png.flat
[        ] Compiling image file /home/runner/work/OBD-FOCUS/OBD-FOCUS/build/sqflite_android/intermediates/merged_res/release/drawable-xhdpi-v4/ic_call_answer_low.png
[        ] Compiling file /home/runner/work/OBD-FOCUS/OBD-FOCUS/build/sqflite_android/intermediates/merged_res/release/drawable-xhdpi-v4/ic_call_answer_low.png to /home/runner/work/OBD-FOCUS/OBD-FOCUS/build/sqflite_android/intermediates/verified_library_resources/release/compiled/drawable-xhdpi-v4_ic_call_answer_low.png.flat
[        ] Compiling image file /home/runner/work/OBD-FOCUS/OBD-FOCUS/build/sqflite_android/intermediates/merged_res/release/drawable-xhdpi-v4/ic_call_decline_low.png
[        ] Compiling file /home/runner/work/OBD-FOCUS/OBD-FOCUS/build/sqflite_android/intermediates/merged_res/release/drawable-xhdpi-v4/ic_call_decline_low.png to /home/runner/work/OBD-FOCUS/OBD-FOCUS/build/sqflite_android/intermediates/verified_library_resources/release/compiled/drawable-xhdpi-v4_ic_call_decline_low.png.flat
[        ] Compiling image file /home/runner/work/OBD-FOCUS/OBD-FOCUS/build/sqflite_android/intermediates/merged_res/release/drawable-xxhdpi-v4/ic_call_answer_video.png
[        ] Compiling file /home/runner/work/OBD-FOCUS/OBD-FOCUS/build/sqflite_android/intermediates/merged_res/release/drawable-xxhdpi-v4/ic_call_answer_video.png to /home/runner/work/OBD-FOCUS/OBD-FOCUS/build/sqflite_android/intermediates/verified_library_resources/release/compiled/drawable-xxhdpi-v4_ic_call_answer_video.png.flat
[        ] Compiling image file /home/runner/work/OBD-FOCUS/OBD-FOCUS/build/sqflite_android/intermediates/merged_res/release/drawable-xxxhdpi-v4/ic_call_answer.png
[        ] Compiling file /home/runner/work/OBD-FOCUS/OBD-FOCUS/build/sqflite_android/intermediates/merged_res/release/drawable-xxxhdpi-v4/ic_call_answer.png to /home/runner/work/OBD-FOCUS/OBD-FOCUS/build/sqflite_android/intermediates/verified_library_resources/release/compiled/drawable-xxxhdpi-v4_ic_call_answer.png.flat
[        ] Compiling image file /home/runner/work/OBD-FOCUS/OBD-FOCUS/build/sqflite_android/intermediates/merged_res/release/drawable-xxxhdpi-v4/ic_call_decline.png
[        ] Compiling file /home/runner/work/OBD-FOCUS/OBD-FOCUS/build/sqflite_android/intermediates/merged_res/release/drawable-xxxhdpi-v4/ic_call_decline.png to /home/runner/work/OBD-FOCUS/OBD-FOCUS/build/sqflite_android/intermediates/verified_library_resources/release/compiled/drawable-xxxhdpi-v4_ic_call_decline.png.flat
[        ] Compiling xml file /home/runner/work/OBD-FOCUS/OBD-FOCUS/build/sqflite_android/intermediates/merged_res/release/layout/ime_secondary_split_test_activity.xml to /home/runner/work/OBD-FOCUS/OBD-FOCUS/build/sqflite_android/intermediates/verified_library_resources/release/compiled/layout_ime_secondary_split_test_activity.xml.flat
[        ] Compiling xml file /home/runner/work/OBD-FOCUS/OBD-FOCUS/build/sqflite_android/intermediates/merged_res/release/layout/notification_template_icon_group.xml to /home/runner/work/OBD-FOCUS/OBD-FOCUS/build/sqflite_android/intermediates/verified_library_resources/release/compiled/layout_notification_template_icon_group.xml.flat
[        ] Compiling xml file /home/runner/work/OBD-FOCUS/OBD-FOCUS/build/sqflite_android/intermediates/merged_res/release/layout-v21/notification_action_tombstone.xml to /home/runner/work/OBD-FOCUS/OBD-FOCUS/build/sqflite_android/intermediates/verified_library_resources/release/compiled/layout-v21_notification_action_tombstone.xml.flat
[        ] Compiling XML table /home/runner/work/OBD-FOCUS/OBD-FOCUS/build/sqflite_android/intermediates/merged_res/release/values-af/values-af.xml to /home/runner/work/OBD-FOCUS/OBD-FOCUS/build/sqflite_android/intermediates/verified_library_resources/release/compiled/values-af_values-af.arsc.flat
[        ] Compiling XML table /home/runner/work/OBD-FOCUS/OBD-FOCUS/build/sqflite_android/intermediates/merged_res/release/values-az/values-az.xml to /home/runner/work/OBD-FOCUS/OBD-FOCUS/build/sqflite_android/intermediates/verified_library_resources/release/compiled/values-az_values-az.arsc.flat
[        ] Compiling XML table /home/runner/work/OBD-FOCUS/OBD-FOCUS/build/sqflite_android/intermediates/merged_res/release/values-bn/values-bn.xml to /home/runner/work/OBD-FOCUS/OBD-FOCUS/build/sqflite_android/intermediates/verified_library_resources/release/compiled/values-bn_values-bn.arsc.flat
[        ] Compiling XML table /home/runner/work/OBD-FOCUS/OBD-FOCUS/build/sqflite_android/intermediates/merged_res/release/values-da/values-da.xml to /home/runner/work/OBD-FOCUS/OBD-FOCUS/build/sqflite_android/intermediates/verified_library_resources/release/compiled/values-da_values-da.arsc.flat
[        ] Compiling XML table /home/runner/work/OBD-FOCUS/OBD-FOCUS/build/sqflite_android/intermediates/merged_res/release/values-en-rCA/values-en-rCA.xml to /home/runner/work/OBD-FOCUS/OBD-FOCUS/build/sqflite_android/intermediates/verified_library_resources/release/compiled/values-en-rCA_values-en-rCA.arsc.flat
[        ] Compiling XML table /home/runner/work/OBD-FOCUS/OBD-FOCUS/build/sqflite_android/intermediates/merged_res/release/values-es/values-es.xml to /home/runner/work/OBD-FOCUS/OBD-FOCUS/build/sqflite_android/intermediates/verified_library_resources/release/compiled/values-es_values-es.arsc.flat
[        ] Compiling XML table /home/runner/work/OBD-FOCUS/OBD-FOCUS/build/sqflite_android/intermediates/merged_res/release/values-fa/values-fa.xml to /home/runner/work/OBD-FOCUS/OBD-FOCUS/build/sqflite_android/intermediates/verified_library_resources/release/compiled/values-fa_values-fa.arsc.flat
[        ] Compiling XML table /home/runner/work/OBD-FOCUS/OBD-FOCUS/build/sqflite_android/intermediates/merged_res/release/values-as/values-as.xml to /home/runner/work/OBD-FOCUS/OBD-FOCUS/build/sqflite_android/intermediates/verified_library_resources/release/compiled/values-as_values-as.arsc.flat
[        ] Compiling XML table /home/runner/work/OBD-FOCUS/OBD-FOCUS/build/sqflite_android/intermediates/merged_res/release/values-bg/values-bg.xml to /home/runner/work/OBD-FOCUS/OBD-FOCUS/build/sqflite_android/intermediates/verified_library_resources/release/compiled/values-bg_values-bg.arsc.flat
[        ] Compiling XML table /home/runner/work/OBD-FOCUS/OBD-FOCUS/build/sqflite_android/intermediates/merged_res/release/values-cs/values-cs.xml to /home/runner/work/OBD-FOCUS/OBD-FOCUS/build/sqflite_android/intermediates/verified_library_resources/release/compiled/values-cs_values-cs.arsc.flat
[        ] Compiling XML table /home/runner/work/OBD-FOCUS/OBD-FOCUS/build/sqflite_android/intermediates/merged_res/release/values-en-rAU/values-en-rAU.xml to /home/runner/work/OBD-FOCUS/OBD-FOCUS/build/sqflite_android/intermediates/verified_library_resources/release/compiled/values-en-rAU_values-en-rAU.arsc.flat
[        ] Compiling XML table /home/runner/work/OBD-FOCUS/OBD-FOCUS/build/sqflite_android/intermediates/merged_res/release/values-en-rXC/values-en-rXC.xml to /home/runner/work/OBD-FOCUS/OBD-FOCUS/build/sqflite_android/intermediates/verified_library_resources/release/compiled/values-en-rXC_values-en-rXC.arsc.flat
[        ] Compiling XML table /home/runner/work/OBD-FOCUS/OBD-FOCUS/build/sqflite_android/intermediates/merged_res/release/values-eu/values-eu.xml to /home/runner/work/OBD-FOCUS/OBD-FOCUS/build/sqflite_android/intermediates/verified_library_resources/release/compiled/values-eu_values-eu.arsc.flat
[        ] Compiling XML table /home/runner/work/OBD-FOCUS/OBD-FOCUS/build/sqflite_android/intermediates/merged_res/release/values-fr-rCA/values-fr-rCA.xml to /home/runner/work/OBD-FOCUS/OBD-FOCUS/build/sqflite_android/intermediates/verified_library_resources/release/compiled/values-fr-rCA_values-fr-rCA.arsc.flat
[        ] Compiling XML table /home/runner/work/OBD-FOCUS/OBD-FOCUS/build/sqflite_android/intermediates/merged_res/release/values-hr/values-hr.xml to /home/runner/work/OBD-FOCUS/OBD-FOCUS/build/sqflite_android/intermediates/verified_library_resources/release/compiled/values-hr_values-hr.arsc.flat
[        ] Compiling XML table /home/runner/work/OBD-FOCUS/OBD-FOCUS/build/sqflite_android/intermediates/merged_res/release/values-is/values-is.xml to /home/runner/work/OBD-FOCUS/OBD-FOCUS/build/sqflite_android/intermediates/verified_library_resources/release/compiled/values-is_values-is.arsc.flat
[        ] Compiling XML table /home/runner/work/OBD-FOCUS/OBD-FOCUS/build/sqflite_android/intermediates/merged_res/release/values-ka/values-ka.xml to /home/runner/work/OBD-FOCUS/OBD-FOCUS/build/sqflite_android/intermediates/verified_library_resources/release/compiled/values-ka_values-ka.arsc.flat
[        ] Compiling XML table /home/runner/work/OBD-FOCUS/OBD-FOCUS/build/sqflite_android/intermediates/merged_res/release/values-gl/values-gl.xml to /home/runner/work/OBD-FOCUS/OBD-FOCUS/build/sqflite_android/intermediates/verified_library_resources/release/compiled/values-gl_values-gl.arsc.flat
[        ] Compiling XML table /home/runner/work/OBD-FOCUS/OBD-FOCUS/build/sqflite_android/intermediates/merged_res/release/values-ko/values-ko.xml to /home/runner/work/OBD-FOCUS/OBD-FOCUS/build/sqflite_android/intermediates/verified_library_resources/release/compiled/values-ko_values-ko.arsc.flat
[        ] Compiling XML table /home/runner/work/OBD-FOCUS/OBD-FOCUS/build/sqflite_android/intermediates/merged_res/release/values-hu/values-hu.xml to /home/runner/work/OBD-FOCUS/OBD-FOCUS/build/sqflite_android/intermediates/verified_library_resources/release/compiled/values-hu_values-hu.arsc.flat
[        ] Compiling XML table /home/runner/work/OBD-FOCUS/OBD-FOCUS/build/sqflite_android/intermediates/merged_res/release/values-lv/values-lv.xml to /home/runner/work/OBD-FOCUS/OBD-FOCUS/build/sqflite_android/intermediates/verified_library_resources/release/compiled/values-lv_values-lv.arsc.flat
[        ] Compiling XML table /home/runner/work/OBD-FOCUS/OBD-FOCUS/build/sqflite_android/intermediates/merged_res/release/values-mr/values-mr.xml to /home/runner/work/OBD-FOCUS/OBD-FOCUS/build/sqflite_android/intermediates/verified_library_resources/release/compiled/values-mr_values-mr.arsc.flat
[        ] Compiling XML table /home/runner/work/OBD-FOCUS/OBD-FOCUS/build/sqflite_android/intermediates/merged_res/release/values-it/values-it.xml to /home/runner/work/OBD-FOCUS/OBD-FOCUS/build/sqflite_android/intermediates/verified_library_resources/release/compiled/values-it_values-it.arsc.flat
[        ] Compiling XML table /home/runner/work/OBD-FOCUS/OBD-FOCUS/build/sqflite_android/intermediates/merged_res/release/values-ne/values-ne.xml to /home/runner/work/OBD-FOCUS/OBD-FOCUS/build/sqflite_android/intermediates/verified_library_resources/release/compiled/values-ne_values-ne.arsc.flat
[        ] Compiling XML table /home/runner/work/OBD-FOCUS/OBD-FOCUS/build/sqflite_android/intermediates/merged_res/release/values-kk/values-kk.xml to /home/runner/work/OBD-FOCUS/OBD-FOCUS/build/sqflite_android/intermediates/verified_library_resources/release/compiled/values-kk_values-kk.arsc.flat
[        ] Compiling XML table /home/runner/work/OBD-FOCUS/OBD-FOCUS/build/sqflite_android/intermediates/merged_res/release/values-ky/values-ky.xml to /home/runner/work/OBD-FOCUS/OBD-FOCUS/build/sqflite_android/intermediates/verified_library_resources/release/compiled/values-ky_values-ky.arsc.flat
[        ] Compiling XML table /home/runner/work/OBD-FOCUS/OBD-FOCUS/build/sqflite_android/intermediates/merged_res/release/values-pl/values-pl.xml to /home/runner/work/OBD-FOCUS/OBD-FOCUS/build/sqflite_android/intermediates/verified_library_resources/release/compiled/values-pl_values-pl.arsc.flat
[        ] Compiling XML table /home/runner/work/OBD-FOCUS/OBD-FOCUS/build/sqflite_android/intermediates/merged_res/release/values-ro/values-ro.xml to /home/runner/work/OBD-FOCUS/OBD-FOCUS/build/sqflite_android/intermediates/verified_library_resources/release/compiled/values-ro_values-ro.arsc.flat
[        ] Compiling XML table /home/runner/work/OBD-FOCUS/OBD-FOCUS/build/sqflite_android/intermediates/merged_res/release/values-sl/values-sl.xml to /home/runner/work/OBD-FOCUS/OBD-FOCUS/build/sqflite_android/intermediates/verified_library_resources/release/compiled/values-sl_values-sl.arsc.flat
[        ] Compiling XML table /home/runner/work/OBD-FOCUS/OBD-FOCUS/build/sqflite_android/intermediates/merged_res/release/values-sw/values-sw.xml to /home/runner/work/OBD-FOCUS/OBD-FOCUS/build/sqflite_android/intermediates/verified_library_resources/release/compiled/values-sw_values-sw.arsc.flat
[        ] Compiling XML table /home/runner/work/OBD-FOCUS/OBD-FOCUS/build/sqflite_android/intermediates/merged_res/release/values-tl/values-tl.xml to /home/runner/work/OBD-FOCUS/OBD-FOCUS/build/sqflite_android/intermediates/verified_library_resources/release/compiled/values-tl_values-tl.arsc.flat
[        ] Compiling XML table /home/runner/work/OBD-FOCUS/OBD-FOCUS/build/sqflite_android/intermediates/merged_res/release/values-mk/values-mk.xml to /home/runner/work/OBD-FOCUS/OBD-FOCUS/build/sqflite_android/intermediates/verified_library_resources/release/compiled/values-mk_values-mk.arsc.flat
[        ] Compiling XML table /home/runner/work/OBD-FOCUS/OBD-FOCUS/build/sqflite_android/intermediates/merged_res/release/values-uz/values-uz.xml to /home/runner/work/OBD-FOCUS/OBD-FOCUS/build/sqflite_android/intermediates/verified_library_resources/release/compiled/values-uz_values-uz.arsc.flat
[        ] Compiling XML table /home/runner/work/OBD-FOCUS/OBD-FOCUS/build/sqflite_android/intermediates/merged_res/release/values-ms/values-ms.xml to /home/runner/work/OBD-FOCUS/OBD-FOCUS/build/sqflite_android/intermediates/verified_library_resources/release/compiled/values-ms_values-ms.arsc.flat
[        ] Compiling XML table /home/runner/work/OBD-FOCUS/OBD-FOCUS/build/sqflite_android/intermediates/merged_res/release/values-zh-rHK/values-zh-rHK.xml to /home/runner/work/OBD-FOCUS/OBD-FOCUS/build/sqflite_android/intermediates/verified_library_resources/release/compiled/values-zh-rHK_values-zh-rHK.arsc.flat
[        ] Compiling XML table /home/runner/work/OBD-FOCUS/OBD-FOCUS/build/sqflite_android/intermediates/merged_res/release/values-nl/values-nl.xml to /home/runner/work/OBD-FOCUS/OBD-FOCUS/build/sqflite_android/intermediates/verified_library_resources/release/compiled/values-nl_values-nl.arsc.flat
[        ] Compiling XML table /home/runner/work/OBD-FOCUS/OBD-FOCUS/build/sqflite_android/intermediates/merged_res/release/values-pt/values-pt.xml to /home/runner/work/OBD-FOCUS/OBD-FOCUS/build/sqflite_android/intermediates/verified_library_resources/release/compiled/values-pt_values-pt.arsc.flat
[        ] Compiling XML table /home/runner/work/OBD-FOCUS/OBD-FOCUS/build/sqflite_android/intermediates/merged_res/release/values-ru/values-ru.xml to /home/runner/work/OBD-FOCUS/OBD-FOCUS/build/sqflite_android/intermediates/verified_library_resources/release/compiled/values-ru_values-ru.arsc.flat
[        ] Compiling XML table /home/runner/work/OBD-FOCUS/OBD-FOCUS/build/sqflite_android/intermediates/merged_res/release/values-sq/values-sq.xml to /home/runner/work/OBD-FOCUS/OBD-FOCUS/build/sqflite_android/intermediates/verified_library_resources/release/compiled/values-sq_values-sq.arsc.flat
[        ] Compiling XML table /home/runner/work/OBD-FOCUS/OBD-FOCUS/build/sqflite_android/intermediates/merged_res/release/values-ta/values-ta.xml to /home/runner/work/OBD-FOCUS/OBD-FOCUS/build/sqflite_android/intermediates/verified_library_resources/release/compiled/values-ta_values-ta.arsc.flat
[        ] Compiling XML table /home/runner/work/OBD-FOCUS/OBD-FOCUS/build/sqflite_android/intermediates/merged_res/release/values-tr/values-tr.xml to /home/runner/work/OBD-FOCUS/OBD-FOCUS/build/sqflite_android/intermediates/verified_library_resources/release/compiled/values-tr_values-tr.arsc.flat
[        ] Compiling XML table /home/runner/work/OBD-FOCUS/OBD-FOCUS/build/sqflite_android/intermediates/merged_res/release/values-v21/values-v21.xml to /home/runner/work/OBD-FOCUS/OBD-FOCUS/build/sqflite_android/intermediates/verified_library_resources/release/compiled/values-v21_values-v21.arsc.flat
[        ] Compiling xml file /home/runner/work/OBD-FOCUS/OBD-FOCUS/build/sqflite_android/intermediates/merged_res/release/animator/fragment_close_enter.xml to /home/runner/work/OBD-FOCUS/OBD-FOCUS/build/sqflite_android/intermediates/verified_library_resources/release/compiled/animator_fragment_close_enter.xml.flat
[        ] Compiling xml file /home/runner/work/OBD-FOCUS/OBD-FOCUS/build/sqflite_android/intermediates/merged_res/release/animator/fragment_open_enter.xml to /home/runner/work/OBD-FOCUS/OBD-FOCUS/build/sqflite_android/intermediates/verified_library_resources/release/compiled/animator_fragment_open_enter.xml.flat
[        ] Compiling XML table /home/runner/work/OBD-FOCUS/OBD-FOCUS/build/sqflite_android/intermediates/merged_res/release/values-zh-rTW/values-zh-rTW.xml to /home/runner/work/OBD-FOCUS/OBD-FOCUS/build/sqflite_android/intermediates/verified_library_resources/release/compiled/values-zh-rTW_values-zh-rTW.arsc.flat
[        ] Compiling xml file /home/runner/work/OBD-FOCUS/OBD-FOCUS/build/sqflite_android/intermediates/merged_res/release/drawable/notification_icon_background.xml to /home/runner/work/OBD-FOCUS/OBD-FOCUS/build/sqflite_android/intermediates/verified_library_resources/release/compiled/drawable_notification_icon_background.xml.flat
[        ] Compiling xml file /home/runner/work/OBD-FOCUS/OBD-FOCUS/build/sqflite_android/intermediates/merged_res/release/drawable-anydpi-v21/ic_call_answer_video.xml to /home/runner/work/OBD-FOCUS/OBD-FOCUS/build/sqflite_android/intermediates/verified_library_resources/release/compiled/drawable-anydpi-v21_ic_call_answer_video.xml.flat
[        ] Compiling image file /home/runner/work/OBD-FOCUS/OBD-FOCUS/build/sqflite_android/intermediates/merged_res/release/drawable-hdpi-v4/ic_call_answer.png
[        ] Compiling file /home/runner/work/OBD-FOCUS/OBD-FOCUS/build/sqflite_android/intermediates/merged_res/release/drawable-hdpi-v4/ic_call_answer.png to /home/runner/work/OBD-FOCUS/OBD-FOCUS/build/sqflite_android/intermediates/verified_library_resources/release/compiled/drawable-hdpi-v4_ic_call_answer.png.flat
[        ] Compiling image file /home/runner/work/OBD-FOCUS/OBD-FOCUS/build/sqflite_android/intermediates/merged_res/release/drawable-hdpi-v4/ic_call_decline.png
[        ] Compiling file /home/runner/work/OBD-FOCUS/OBD-FOCUS/build/sqflite_android/intermediates/merged_res/release/drawable-hdpi-v4/ic_call_decline.png to /home/runner/work/OBD-FOCUS/OBD-FOCUS/build/sqflite_android/intermediates/verified_library_resources/release/compiled/drawable-hdpi-v4_ic_call_decline.png.flat
[        ] Compiling image file /home/runner/work/OBD-FOCUS/OBD-FOCUS/build/sqflite_android/intermediates/merged_res/release/drawable-ldpi-v4/ic_call_answer.png
[        ] Compiling file /home/runner/work/OBD-FOCUS/OBD-FOCUS/build/sqflite_android/intermediates/merged_res/release/drawable-ldpi-v4/ic_call_answer.png to /home/runner/work/OBD-FOCUS/OBD-FOCUS/build/sqflite_android/intermediates/verified_library_resources/release/compiled/drawable-ldpi-v4_ic_call_answer.png.flat
[        ] Compiling image file /home/runner/work/OBD-FOCUS/OBD-FOCUS/build/sqflite_android/intermediates/merged_res/release/drawable-ldpi-v4/ic_call_decline.png
[        ] Compiling file /home/runner/work/OBD-FOCUS/OBD-FOCUS/build/sqflite_android/intermediates/merged_res/release/drawable-ldpi-v4/ic_call_decline.png to /home/runner/work/OBD-FOCUS/OBD-FOCUS/build/sqflite_android/intermediates/verified_library_resources/release/compiled/drawable-ldpi-v4_ic_call_decline.png.flat
[        ] Compiling image file /home/runner/work/OBD-FOCUS/OBD-FOCUS/build/sqflite_android/intermediates/merged_res/release/drawable-mdpi-v4/ic_call_answer_video.png
[        ] Compiling file /home/runner/work/OBD-FOCUS/OBD-FOCUS/build/sqflite_android/intermediates/merged_res/release/drawable-mdpi-v4/ic_call_answer_video.png to /home/runner/work/OBD-FOCUS/OBD-FOCUS/build/sqflite_android/intermediates/verified_library_resources/release/compiled/drawable-mdpi-v4_ic_call_answer_video.png.flat
[        ] Compiling image file /home/runner/work/OBD-FOCUS/OBD-FOCUS/build/sqflite_android/intermediates/merged_res/release/drawable-mdpi-v4/notify_panel_notification_icon_bg.png
[        ] Compiling file /home/runner/work/OBD-FOCUS/OBD-FOCUS/build/sqflite_android/intermediates/merged_res/release/drawable-mdpi-v4/notify_panel_notification_icon_bg.png to /home/runner/work/OBD-FOCUS/OBD-FOCUS/build/sqflite_android/intermediates/verified_library_resources/release/compiled/drawable-mdpi-v4_notify_panel_notification_icon_bg.png.flat
[        ] Compiling image file /home/runner/work/OBD-FOCUS/OBD-FOCUS/build/sqflite_android/intermediates/merged_res/release/drawable-xhdpi-v4/ic_call_answer_video.png
[        ] Compiling file /home/runner/work/OBD-FOCUS/OBD-FOCUS/build/sqflite_android/intermediates/merged_res/release/drawable-xhdpi-v4/ic_call_answer_video.png to /home/runner/work/OBD-FOCUS/OBD-FOCUS/build/sqflite_android/intermediates/verified_library_resources/release/compiled/drawable-xhdpi-v4_ic_call_answer_video.png.flat
[        ] Compiling image file /home/runner/work/OBD-FOCUS/OBD-FOCUS/build/sqflite_android/intermediates/merged_res/release/drawable-xhdpi-v4/notify_panel_notification_icon_bg.png
[        ] Compiling file /home/runner/work/OBD-FOCUS/OBD-FOCUS/build/sqflite_android/intermediates/merged_res/release/drawable-xhdpi-v4/notify_panel_notification_icon_bg.png to /home/runner/work/OBD-FOCUS/OBD-FOCUS/build/sqflite_android/intermediates/verified_library_resources/release/compiled/drawable-xhdpi-v4_notify_panel_notification_icon_bg.png.flat
[        ] Compiling image file /home/runner/work/OBD-FOCUS/OBD-FOCUS/build/sqflite_android/intermediates/merged_res/release/drawable-xxhdpi-v4/ic_call_answer_video_low.png
[        ] Compiling file /home/runner/work/OBD-FOCUS/OBD-FOCUS/build/sqflite_android/intermediates/merged_res/release/drawable-xxhdpi-v4/ic_call_answer_video_low.png to /home/runner/work/OBD-FOCUS/OBD-FOCUS/build/sqflite_android/intermediates/verified_library_resources/release/compiled/drawable-xxhdpi-v4_ic_call_answer_video_low.png.flat
[        ] Compiling image file /home/runner/work/OBD-FOCUS/OBD-FOCUS/build/sqflite_android/intermediates/merged_res/release/drawable-xxxhdpi-v4/ic_call_answer_low.png
[        ] Compiling file /home/runner/work/OBD-FOCUS/OBD-FOCUS/build/sqflite_android/intermediates/merged_res/release/drawable-xxxhdpi-v4/ic_call_answer_low.png to /home/runner/work/OBD-FOCUS/OBD-FOCUS/build/sqflite_android/intermediates/verified_library_resources/release/compiled/drawable-xxxhdpi-v4_ic_call_answer_low.png.flat
[        ] Compiling xml file /home/runner/work/OBD-FOCUS/OBD-FOCUS/build/sqflite_android/intermediates/merged_res/release/animator/fragment_close_exit.xml to /home/runner/work/OBD-FOCUS/OBD-FOCUS/build/sqflite_android/intermediates/verified_library_resources/release/compiled/animator_fragment_close_exit.xml.flat
[        ] Compiling image file /home/runner/work/OBD-FOCUS/OBD-FOCUS/build/sqflite_android/intermediates/merged_res/release/drawable-xxxhdpi-v4/ic_call_decline_low.png
[        ] Compiling file /home/runner/work/OBD-FOCUS/OBD-FOCUS/build/sqflite_android/intermediates/merged_res/release/drawable-xxxhdpi-v4/ic_call_decline_low.png to /home/runner/work/OBD-FOCUS/OBD-FOCUS/build/sqflite_android/intermediates/verified_library_resources/release/compiled/drawable-xxxhdpi-v4_ic_call_decline_low.png.flat
[        ] Compiling xml file /home/runner/work/OBD-FOCUS/OBD-FOCUS/build/sqflite_android/intermediates/merged_res/release/layout/notification_action.xml to /home/runner/work/OBD-FOCUS/OBD-FOCUS/build/sqflite_android/intermediates/verified_library_resources/release/compiled/layout_notification_action.xml.flat
[        ] Compiling xml file /home/runner/work/OBD-FOCUS/OBD-FOCUS/build/sqflite_android/intermediates/merged_res/release/layout/notification_template_part_chronometer.xml to /home/runner/work/OBD-FOCUS/OBD-FOCUS/build/sqflite_android/intermediates/verified_library_resources/release/compiled/layout_notification_template_part_chronometer.xml.flat
[        ] Compiling xml file /home/runner/work/OBD-FOCUS/OBD-FOCUS/build/sqflite_android/intermediates/merged_res/release/layout-v21/notification_template_custom_big.xml to /home/runner/work/OBD-FOCUS/OBD-FOCUS/build/sqflite_android/intermediates/verified_library_resources/release/compiled/layout-v21_notification_template_custom_big.xml.flat
[        ] Compiling XML table /home/runner/work/OBD-FOCUS/OBD-FOCUS/build/sqflite_android/intermediates/merged_res/release/values-am/values-am.xml to /home/runner/work/OBD-FOCUS/OBD-FOCUS/build/sqflite_android/intermediates/verified_library_resources/release/compiled/values-am_values-am.arsc.flat
[        ] Compiling XML table /home/runner/work/OBD-FOCUS/OBD-FOCUS/build/sqflite_android/intermediates/merged_res/release/values-b+sr+Latn/values-b+sr+Latn.xml to /home/runner/work/OBD-FOCUS/OBD-FOCUS/build/sqflite_android/intermediates/verified_library_resources/release/compiled/values-b+sr+Latn_values-b+sr+Latn.arsc.flat
[        ] Compiling XML table /home/runner/work/OBD-FOCUS/OBD-FOCUS/build/sqflite_android/intermediates/merged_res/release/values-bs/values-bs.xml to /home/runner/work/OBD-FOCUS/OBD-FOCUS/build/sqflite_android/intermediates/verified_library_resources/release/compiled/values-bs_values-bs.arsc.flat
[        ] Compiling XML table /home/runner/work/OBD-FOCUS/OBD-FOCUS/build/sqflite_android/intermediates/merged_res/release/values-de/values-de.xml to /home/runner/work/OBD-FOCUS/OBD-FOCUS/build/sqflite_android/intermediates/verified_library_resources/release/compiled/values-de_values-de.arsc.flat
[        ] Compiling XML table /home/runner/work/OBD-FOCUS/OBD-FOCUS/build/sqflite_android/intermediates/merged_res/release/values-en-rGB/values-en-rGB.xml to /home/runner/work/OBD-FOCUS/OBD-FOCUS/build/sqflite_android/intermediates/verified_library_resources/release/compiled/values-en-rGB_values-en-rGB.arsc.flat
[        ] Compiling XML table /home/runner/work/OBD-FOCUS/OBD-FOCUS/build/sqflite_android/intermediates/merged_res/release/values-es-rUS/values-es-rUS.xml to /home/runner/work/OBD-FOCUS/OBD-FOCUS/build/sqflite_android/intermediates/verified_library_resources/release/compiled/values-es-rUS_values-es-rUS.arsc.flat
[        ] Compiling XML table /home/runner/work/OBD-FOCUS/OBD-FOCUS/build/sqflite_android/intermediates/merged_res/release/values-fi/values-fi.xml to /home/runner/work/OBD-FOCUS/OBD-FOCUS/build/sqflite_android/intermediates/verified_library_resources/release/compiled/values-fi_values-fi.arsc.flat
[        ] Compiling XML table /home/runner/work/OBD-FOCUS/OBD-FOCUS/build/sqflite_android/intermediates/merged_res/release/values-gu/values-gu.xml to /home/runner/work/OBD-FOCUS/OBD-FOCUS/build/sqflite_android/intermediates/verified_library_resources/release/compiled/values-gu_values-gu.arsc.flat
[        ] Compiling XML table /home/runner/work/OBD-FOCUS/OBD-FOCUS/build/sqflite_android/intermediates/merged_res/release/values-hy/values-hy.xml to /home/runner/work/OBD-FOCUS/OBD-FOCUS/build/sqflite_android/intermediates/verified_library_resources/release/compiled/values-hy_values-hy.arsc.flat
[        ] Compiling xml file /home/runner/work/OBD-FOCUS/OBD-FOCUS/build/sqflite_android/intermediates/merged_res/release/animator/fragment_open_exit.xml to /home/runner/work/OBD-FOCUS/OBD-FOCUS/build/sqflite_android/intermediates/verified_library_resources/release/compiled/animator_fragment_open_exit.xml.flat
[        ] Compiling xml file /home/runner/work/OBD-FOCUS/OBD-FOCUS/build/sqflite_android/intermediates/merged_res/release/drawable/notification_tile_bg.xml to /home/runner/work/OBD-FOCUS/OBD-FOCUS/build/sqflite_android/intermediates/verified_library_resources/release/compiled/drawable_notification_tile_bg.xml.flat
[        ] Compiling xml file /home/runner/work/OBD-FOCUS/OBD-FOCUS/build/sqflite_android/intermediates/merged_res/release/drawable-anydpi-v21/ic_call_answer_video_low.xml to /home/runner/work/OBD-FOCUS/OBD-FOCUS/build/sqflite_android/intermediates/verified_library_resources/release/compiled/drawable-anydpi-v21_ic_call_answer_video_low.xml.flat
[        ] Compiling image file /home/runner/work/OBD-FOCUS/OBD-FOCUS/build/sqflite_android/intermediates/merged_res/release/drawable-hdpi-v4/ic_call_answer_low.png
[        ] Compiling file /home/runner/work/OBD-FOCUS/OBD-FOCUS/build/sqflite_android/intermediates/merged_res/release/drawable-hdpi-v4/ic_call_answer_low.png to /home/runner/work/OBD-FOCUS/OBD-FOCUS/build/sqflite_android/intermediates/verified_library_resources/release/compiled/drawable-hdpi-v4_ic_call_answer_low.png.flat
[        ] Compiling image file /home/runner/work/OBD-FOCUS/OBD-FOCUS/build/sqflite_android/intermediates/merged_res/release/drawable-hdpi-v4/ic_call_decline_low.png
[        ] Compiling file /home/runner/work/OBD-FOCUS/OBD-FOCUS/build/sqflite_android/intermediates/merged_res/release/drawable-hdpi-v4/ic_call_decline_low.png to /home/runner/work/OBD-FOCUS/OBD-FOCUS/build/sqflite_android/intermediates/verified_library_resources/release/compiled/drawable-hdpi-v4_ic_call_decline_low.png.flat
[        ] Compiling XML table /home/runner/work/OBD-FOCUS/OBD-FOCUS/build/sqflite_android/intermediates/merged_res/release/values-iw/values-iw.xml to /home/runner/work/OBD-FOCUS/OBD-FOCUS/build/sqflite_android/intermediates/verified_library_resources/release/compiled/values-iw_values-iw.arsc.flat
[        ] Compiling image file /home/runner/work/OBD-FOCUS/OBD-FOCUS/build/sqflite_android/intermediates/merged_res/release/drawable-ldpi-v4/ic_call_answer_low.png
[        ] Compiling file /home/runner/work/OBD-FOCUS/OBD-FOCUS/build/sqflite_android/intermediates/merged_res/release/drawable-ldpi-v4/ic_call_answer_low.png to /home/runner/work/OBD-FOCUS/OBD-FOCUS/build/sqflite_android/intermediates/verified_library_resources/release/compiled/drawable-ldpi-v4_ic_call_answer_low.png.flat
[        ] Compiling image file /home/runner/work/OBD-FOCUS/OBD-FOCUS/build/sqflite_android/intermediates/merged_res/release/drawable-ldpi-v4/ic_call_decline_low.png
[        ] Compiling file /home/runner/work/OBD-FOCUS/OBD-FOCUS/build/sqflite_android/intermediates/merged_res/release/drawable-ldpi-v4/ic_call_decline_low.png to /home/runner/work/OBD-FOCUS/OBD-FOCUS/build/sqflite_android/intermediates/verified_library_resources/release/compiled/drawable-ldpi-v4_ic_call_decline_low.png.flat
[        ] Compiling image file /home/runner/work/OBD-FOCUS/OBD-FOCUS/build/sqflite_android/intermediates/merged_res/release/drawable-mdpi-v4/ic_call_answer_video_low.png
[        ] Compiling file /home/runner/work/OBD-FOCUS/OBD-FOCUS/build/sqflite_android/intermediates/merged_res/release/drawable-mdpi-v4/ic_call_answer_video_low.png to /home/runner/work/OBD-FOCUS/OBD-FOCUS/build/sqflite_android/intermediates/verified_library_resources/release/compiled/drawable-mdpi-v4_ic_call_answer_video_low.png.flat
[        ] Compiling xml file /home/runner/work/OBD-FOCUS/OBD-FOCUS/build/sqflite_android/intermediates/merged_res/release/drawable-v21/notification_action_background.xml to /home/runner/work/OBD-FOCUS/OBD-FOCUS/build/sqflite_android/intermediates/verified_library_resources/release/compiled/drawable-v21_notification_action_background.xml.flat
[        ] Compiling XML table /home/runner/work/OBD-FOCUS/OBD-FOCUS/build/sqflite_android/intermediates/merged_res/release/values-km/values-km.xml to /home/runner/work/OBD-FOCUS/OBD-FOCUS/build/sqflite_android/intermediates/verified_library_resources/release/compiled/values-km_values-km.arsc.flat
[        ] Compiling XML table /home/runner/work/OBD-FOCUS/OBD-FOCUS/build/sqflite_android/intermediates/merged_res/release/values-lo/values-lo.xml to /home/runner/work/OBD-FOCUS/OBD-FOCUS/build/sqflite_android/intermediates/verified_library_resources/release/compiled/values-lo_values-lo.arsc.flat
[        ] Compiling XML table /home/runner/work/OBD-FOCUS/OBD-FOCUS/build/sqflite_android/intermediates/merged_res/release/values-ml/values-ml.xml to /home/runner/work/OBD-FOCUS/OBD-FOCUS/build/sqflite_android/intermediates/verified_library_resources/release/compiled/values-ml_values-ml.arsc.flat
[        ] Compiling XML table /home/runner/work/OBD-FOCUS/OBD-FOCUS/build/sqflite_android/intermediates/merged_res/release/values-my/values-my.xml to /home/runner/work/OBD-FOCUS/OBD-FOCUS/build/sqflite_android/intermediates/verified_library_resources/release/compiled/values-my_values-my.arsc.flat
[        ] Compiling XML table /home/runner/work/OBD-FOCUS/OBD-FOCUS/build/sqflite_android/intermediates/merged_res/release/values-or/values-or.xml to /home/runner/work/OBD-FOCUS/OBD-FOCUS/build/sqflite_android/intermediates/verified_library_resources/release/compiled/values-or_values-or.arsc.flat
[        ] Compiling XML table /home/runner/work/OBD-FOCUS/OBD-FOCUS/build/sqflite_android/intermediates/merged_res/release/values-pt-rBR/values-pt-rBR.xml to /home/runner/work/OBD-FOCUS/OBD-FOCUS/build/sqflite_android/intermediates/verified_library_resources/release/compiled/values-pt-rBR_values-pt-rBR.arsc.flat
[        ] Compiling XML table /home/runner/work/OBD-FOCUS/OBD-FOCUS/build/sqflite_android/intermediates/merged_res/release/values-si/values-si.xml to /home/runner/work/OBD-FOCUS/OBD-FOCUS/build/sqflite_android/intermediates/verified_library_resources/release/compiled/values-si_values-si.arsc.flat
[        ] Compiling XML table /home/runner/work/OBD-FOCUS/OBD-FOCUS/build/sqflite_android/intermediates/merged_res/release/values-sr/values-sr.xml to /home/runner/work/OBD-FOCUS/OBD-FOCUS/build/sqflite_android/intermediates/verified_library_resources/release/compiled/values-sr_values-sr.arsc.flat
[        ] Compiling image file /home/runner/work/OBD-FOCUS/OBD-FOCUS/build/sqflite_android/intermediates/merged_res/release/drawable-xhdpi-v4/ic_call_answer_video_low.png
[        ] Compiling XML table /home/runner/work/OBD-FOCUS/OBD-FOCUS/build/sqflite_android/intermediates/merged_res/release/values-te/values-te.xml to /home/runner/work/OBD-FOCUS/OBD-FOCUS/build/sqflite_android/intermediates/verified_library_resources/release/compiled/values-te_values-te.arsc.flat
[        ] Compiling file /home/runner/work/OBD-FOCUS/OBD-FOCUS/build/sqflite_android/intermediates/merged_res/release/drawable-xhdpi-v4/ic_call_answer_video_low.png to /home/runner/work/OBD-FOCUS/OBD-FOCUS/build/sqflite_android/intermediates/verified_library_resources/release/compiled/drawable-xhdpi-v4_ic_call_answer_video_low.png.flat
[        ] Compiling image file /home/runner/work/OBD-FOCUS/OBD-FOCUS/build/sqflite_android/intermediates/merged_res/release/drawable-xxhdpi-v4/ic_call_answer.png
[        ] Compiling file /home/runner/work/OBD-FOCUS/OBD-FOCUS/build/sqflite_android/intermediates/merged_res/release/drawable-xxhdpi-v4/ic_call_answer.png to /home/runner/work/OBD-FOCUS/OBD-FOCUS/build/sqflite_android/intermediates/verified_library_resources/release/compiled/drawable-xxhdpi-v4_ic_call_answer.png.flat
[        ] Compiling image file /home/runner/work/OBD-FOCUS/OBD-FOCUS/build/sqflite_android/intermediates/merged_res/release/drawable-xxhdpi-v4/ic_call_decline.png
[        ] Compiling file /home/runner/work/OBD-FOCUS/OBD-FOCUS/build/sqflite_android/intermediates/merged_res/release/drawable-xxhdpi-v4/ic_call_decline.png to /home/runner/work/OBD-FOCUS/OBD-FOCUS/build/sqflite_android/intermediates/verified_library_resources/release/compiled/drawable-xxhdpi-v4_ic_call_decline.png.flat
[        ] Compiling image file /home/runner/work/OBD-FOCUS/OBD-FOCUS/build/sqflite_android/intermediates/merged_res/release/drawable-xxxhdpi-v4/ic_call_answer_video.png
[        ] Compiling file /home/runner/work/OBD-FOCUS/OBD-FOCUS/build/sqflite_android/intermediates/merged_res/release/drawable-xxxhdpi-v4/ic_call_answer_video.png to /home/runner/work/OBD-FOCUS/OBD-FOCUS/build/sqflite_android/intermediates/verified_library_resources/release/compiled/drawable-xxxhdpi-v4_ic_call_answer_video.png.flat
[        ] Compiling XML table /home/runner/work/OBD-FOCUS/OBD-FOCUS/build/sqflite_android/intermediates/merged_res/release/values-uk/values-uk.xml to /home/runner/work/OBD-FOCUS/OBD-FOCUS/build/sqflite_android/intermediates/verified_library_resources/release/compiled/values-uk_values-uk.arsc.flat
[        ] Compiling xml file /home/runner/work/OBD-FOCUS/OBD-FOCUS/build/sqflite_android/intermediates/merged_res/release/layout/custom_dialog.xml to /home/runner/work/OBD-FOCUS/OBD-FOCUS/build/sqflite_android/intermediates/verified_library_resources/release/compiled/layout_custom_dialog.xml.flat
[        ] Compiling xml file /home/runner/work/OBD-FOCUS/OBD-FOCUS/build/sqflite_android/intermediates/merged_res/release/layout/notification_action_tombstone.xml to /home/runner/work/OBD-FOCUS/OBD-FOCUS/build/sqflite_android/intermediates/verified_library_resources/release/compiled/layout_notification_action_tombstone.xml.flat
[        ] Compiling XML table /home/runner/work/OBD-FOCUS/OBD-FOCUS/build/sqflite_android/intermediates/merged_res/release/values-vi/values-vi.xml to /home/runner/work/OBD-FOCUS/OBD-FOCUS/build/sqflite_android/intermediates/verified_library_resources/release/compiled/values-vi_values-vi.arsc.flat
[        ] Compiling xml file /home/runner/work/OBD-FOCUS/OBD-FOCUS/build/sqflite_android/intermediates/merged_res/release/layout/notification_template_part_time.xml to /home/runner/work/OBD-FOCUS/OBD-FOCUS/build/sqflite_android/intermediates/verified_library_resources/release/compiled/layout_notification_template_part_time.xml.flat
[        ] Compiling XML table /home/runner/work/OBD-FOCUS/OBD-FOCUS/build/sqflite_android/intermediates/merged_res/release/values-zu/values-zu.xml to /home/runner/work/OBD-FOCUS/OBD-FOCUS/build/sqflite_android/intermediates/verified_library_resources/release/compiled/values-zu_values-zu.arsc.flat
[        ] Compiling xml file /home/runner/work/OBD-FOCUS/OBD-FOCUS/build/sqflite_android/intermediates/merged_res/release/layout-v21/notification_template_icon_group.xml to /home/runner/work/OBD-FOCUS/OBD-FOCUS/build/sqflite_android/intermediates/verified_library_resources/release/compiled/layout-v21_notification_template_icon_group.xml.flat
[        ] Compiling XML table /home/runner/work/OBD-FOCUS/OBD-FOCUS/build/sqflite_android/intermediates/merged_res/release/values-ar/values-ar.xml to /home/runner/work/OBD-FOCUS/OBD-FOCUS/build/sqflite_android/intermediates/verified_library_resources/release/compiled/values-ar_values-ar.arsc.flat
[        ] Compiling XML table /home/runner/work/OBD-FOCUS/OBD-FOCUS/build/sqflite_android/intermediates/merged_res/release/values-be/values-be.xml to /home/runner/work/OBD-FOCUS/OBD-FOCUS/build/sqflite_android/intermediates/verified_library_resources/release/compiled/values-be_values-be.arsc.flat
[        ] Compiling XML table /home/runner/work/OBD-FOCUS/OBD-FOCUS/build/sqflite_android/intermediates/merged_res/release/values-ca/values-ca.xml to /home/runner/work/OBD-FOCUS/OBD-FOCUS/build/sqflite_android/intermediates/verified_library_resources/release/compiled/values-ca_values-ca.arsc.flat
[        ] Compiling XML table /home/runner/work/OBD-FOCUS/OBD-FOCUS/build/sqflite_android/intermediates/merged_res/release/values-el/values-el.xml to /home/runner/work/OBD-FOCUS/OBD-FOCUS/build/sqflite_android/intermediates/verified_library_resources/release/compiled/values-el_values-el.arsc.flat
[        ] Compiling XML table /home/runner/work/OBD-FOCUS/OBD-FOCUS/build/sqflite_android/intermediates/merged_res/release/values-en-rIN/values-en-rIN.xml to /home/runner/work/OBD-FOCUS/OBD-FOCUS/build/sqflite_android/intermediates/verified_library_resources/release/compiled/values-en-rIN_values-en-rIN.arsc.flat
[        ] Compiling XML table /home/runner/work/OBD-FOCUS/OBD-FOCUS/build/sqflite_android/intermediates/merged_res/release/values-et/values-et.xml to /home/runner/work/OBD-FOCUS/OBD-FOCUS/build/sqflite_android/intermediates/verified_library_resources/release/compiled/values-et_values-et.arsc.flat
[        ] Compiling XML table /home/runner/work/OBD-FOCUS/OBD-FOCUS/build/sqflite_android/intermediates/merged_res/release/values-fr/values-fr.xml to /home/runner/work/OBD-FOCUS/OBD-FOCUS/build/sqflite_android/intermediates/verified_library_resources/release/compiled/values-fr_values-fr.arsc.flat
[        ] Compiling XML table /home/runner/work/OBD-FOCUS/OBD-FOCUS/build/sqflite_android/intermediates/merged_res/release/values-hi/values-hi.xml to /home/runner/work/OBD-FOCUS/OBD-FOCUS/build/sqflite_android/intermediates/verified_library_resources/release/compiled/values-hi_values-hi.arsc.flat
[        ] Compiling XML table /home/runner/work/OBD-FOCUS/OBD-FOCUS/build/sqflite_android/intermediates/merged_res/release/values-in/values-in.xml to /home/runner/work/OBD-FOCUS/OBD-FOCUS/build/sqflite_android/intermediates/verified_library_resources/release/compiled/values-in_values-in.arsc.flat
[        ] Compiling XML table /home/runner/work/OBD-FOCUS/OBD-FOCUS/build/sqflite_android/intermediates/merged_res/release/values-ja/values-ja.xml to /home/runner/work/OBD-FOCUS/OBD-FOCUS/build/sqflite_android/intermediates/verified_library_resources/release/compiled/values-ja_values-ja.arsc.flat
[        ] Compiling XML table /home/runner/work/OBD-FOCUS/OBD-FOCUS/build/sqflite_android/intermediates/merged_res/release/values-kn/values-kn.xml to /home/runner/work/OBD-FOCUS/OBD-FOCUS/build/sqflite_android/intermediates/verified_library_resources/release/compiled/values-kn_values-kn.arsc.flat
[        ] Compiling XML table /home/runner/work/OBD-FOCUS/OBD-FOCUS/build/sqflite_android/intermediates/merged_res/release/values-lt/values-lt.xml to /home/runner/work/OBD-FOCUS/OBD-FOCUS/build/sqflite_android/intermediates/verified_library_resources/release/compiled/values-lt_values-lt.arsc.flat
[        ] Compiling XML table /home/runner/work/OBD-FOCUS/OBD-FOCUS/build/sqflite_android/intermediates/merged_res/release/values-mn/values-mn.xml to /home/runner/work/OBD-FOCUS/OBD-FOCUS/build/sqflite_android/intermediates/verified_library_resources/release/compiled/values-mn_values-mn.arsc.flat
[        ] Compiling XML table /home/runner/work/OBD-FOCUS/OBD-FOCUS/build/sqflite_android/intermediates/merged_res/release/values-nb/values-nb.xml to /home/runner/work/OBD-FOCUS/OBD-FOCUS/build/sqflite_android/intermediates/verified_library_resources/release/compiled/values-nb_values-nb.arsc.flat
[        ] Compiling XML table /home/runner/work/OBD-FOCUS/OBD-FOCUS/build/sqflite_android/intermediates/merged_res/release/values-pa/values-pa.xml to /home/runner/work/OBD-FOCUS/OBD-FOCUS/build/sqflite_android/intermediates/verified_library_resources/release/compiled/values-pa_values-pa.arsc.flat
[        ] Compiling XML table /home/runner/work/OBD-FOCUS/OBD-FOCUS/build/sqflite_android/intermediates/merged_res/release/values-pt-rPT/values-pt-rPT.xml to /home/runner/work/OBD-FOCUS/OBD-FOCUS/build/sqflite_android/intermediates/verified_library_resources/release/compiled/values-pt-rPT_values-pt-rPT.arsc.flat
[        ] Compiling XML table /home/runner/work/OBD-FOCUS/OBD-FOCUS/build/sqflite_android/intermediates/merged_res/release/values-sk/values-sk.xml to /home/runner/work/OBD-FOCUS/OBD-FOCUS/build/sqflite_android/intermediates/verified_library_resources/release/compiled/values-sk_values-sk.arsc.flat
[        ] Compiling XML table /home/runner/work/OBD-FOCUS/OBD-FOCUS/build/sqflite_android/intermediates/merged_res/release/values-sv/values-sv.xml to /home/runner/work/OBD-FOCUS/OBD-FOCUS/build/sqflite_android/intermediates/verified_library_resources/release/compiled/values-sv_values-sv.arsc.flat
[        ] Compiling XML table /home/runner/work/OBD-FOCUS/OBD-FOCUS/build/sqflite_android/intermediates/merged_res/release/values-th/values-th.xml to /home/runner/work/OBD-FOCUS/OBD-FOCUS/build/sqflite_android/intermediates/verified_library_resources/release/compiled/values-th_values-th.arsc.flat
[        ] Compiling XML table /home/runner/work/OBD-FOCUS/OBD-FOCUS/build/sqflite_android/intermediates/merged_res/release/values-ur/values-ur.xml to /home/runner/work/OBD-FOCUS/OBD-FOCUS/build/sqflite_android/intermediates/verified_library_resources/release/compiled/values-ur_values-ur.arsc.flat
[        ] Compiling XML table /home/runner/work/OBD-FOCUS/OBD-FOCUS/build/sqflite_android/intermediates/merged_res/release/values-zh-rCN/values-zh-rCN.xml to /home/runner/work/OBD-FOCUS/OBD-FOCUS/build/sqflite_android/intermediates/verified_library_resources/release/compiled/values-zh-rCN_values-zh-rCN.arsc.flat
[        ] Resolve mutations for :sqflite_android:assembleRelease (Thread[Execution worker,5,main]) started.
[        ] :sqflite_android:assembleRelease (Thread[Execution worker,5,main]) started.
[        ] > Task :sqflite_android:assembleRelease
[        ] Skipping task ':sqflite_android:assembleRelease' as it has no actions.
[+4556 ms] > Task :app:minifyReleaseWithR8
[        ] WARNING:Missing classes detected while running R8. Please add the missing classes or apply additional keep rules that are generated in /home/runner/work/OBD-FOCUS/OBD-FOCUS/build/app/outputs/mapping/release/missing_rules.txt.
[        ] WARNING:R8: Missing class com.google.android.play.core.splitcompat.SplitCompatApplication (referenced from: void io.flutter.embedding.android.FlutterPlayStoreSplitApplication.<init>() and 2 other contexts)
[        ] Missing class com.google.android.play.core.splitinstall.SplitInstallException (referenced from: void io.flutter.embedding.engine.deferredcomponents.PlayStoreDeferredComponentManager.lambda$installDeferredComponent$1(int, java.lang.String, java.lang.Exception))
[        ] Missing class com.google.android.play.core.splitinstall.SplitInstallManager (referenced from: com.google.android.play.core.splitinstall.SplitInstallManager io.flutter.embedding.engine.deferredcomponents.PlayStoreDeferredComponentManager.splitInstallManager and 5 other contexts)
[        ] Missing class com.google.android.play.core.splitinstall.SplitInstallManagerFactory (referenced from: void io.flutter.embedding.engine.deferredcomponents.PlayStoreDeferredComponentManager.<init>(android.content.Context, io.flutter.embedding.engine.FlutterJNI))
[        ] Missing class com.google.android.play.core.splitinstall.SplitInstallRequest$Builder (referenced from: void io.flutter.embedding.engine.deferredcomponents.PlayStoreDeferredComponentManager.installDeferredComponent(int, java.lang.String))
[        ] Missing class com.google.android.play.core.splitinstall.SplitInstallRequest (referenced from: void io.flutter.embedding.engine.deferredcomponents.PlayStoreDeferredComponentManager.installDeferredComponent(int, java.lang.String))
[        ] Missing class com.google.android.play.core.splitinstall.SplitInstallSessionState (referenced from: void io.flutter.embedding.engine.deferredcomponents.PlayStoreDeferredComponentManager$FeatureInstallStateUpdatedListener.onStateUpdate(com.google.android.play.core.splitinstall.SplitInstallSessionState) and 1 other context)
[        ] Missing class com.google.android.play.core.splitinstall.SplitInstallStateUpdatedListener (referenced from: void io.flutter.embedding.engine.deferredcomponents.PlayStoreDeferredComponentManager.<init>(android.content.Context, io.flutter.embedding.engine.FlutterJNI) and 2 other contexts)
[        ] Missing class com.google.android.play.core.tasks.OnFailureListener (referenced from: void io.flutter.embedding.engine.deferredcomponents.PlayStoreDeferredComponentManager.installDeferredComponent(int, java.lang.String))
[        ] Missing class com.google.android.play.core.tasks.OnSuccessListener (referenced from: void io.flutter.embedding.engine.deferredcomponents.PlayStoreDeferredComponentManager.installDeferredComponent(int, java.lang.String))
[        ] Missing class com.google.android.play.core.tasks.Task (referenced from: void io.flutter.embedding.engine.deferredcomponents.PlayStoreDeferredComponentManager.installDeferredComponent(int, java.lang.String) and 1 other context)
[+30399 ms] Resolve mutations for :app:l8DexDesugarLibRelease (Thread[included builds Thread 2,5,main]) started.
[        ] :app:l8DexDesugarLibRelease (Thread[included builds Thread 2,5,main]) started.
[        ] Resolve mutations for :app:shrinkReleaseRes (Thread[Execution worker Thread 2,5,main]) started.
[        ] :app:shrinkReleaseRes (Thread[Execution worker Thread 2,5,main]) started.
[+1400 ms] > Task :app:shrinkReleaseRes
[        ] Caching disabled for task ':app:shrinkReleaseRes' because:
[        ]   Build cache is disabled
[        ] Task ':app:shrinkReleaseRes' is not up-to-date because:
[        ]   No history is available.
[        ] Skipped unused resource res/anim/abc_fade_in.xml: 549 bytes (replaced with small dummy file of size 9 bytes)
[        ] Skipped unused resource res/anim/abc_fade_out.xml: 549 bytes (replaced with small dummy file of size 9 bytes)
[        ] Skipped unused resource res/anim/abc_grow_fade_in_from_bottom.xml: 1458 bytes (replaced with small dummy file of size 9 bytes)
[        ] Skipped unused resource res/anim/abc_popup_enter.xml: 650 bytes (replaced with small dummy file of size 9 bytes)
[        ] Skipped unused resource res/anim/abc_popup_exit.xml: 650 bytes (replaced with small dummy file of size 9 bytes)
[        ] Skipped unused resource res/anim/abc_shrink_fade_out_from_bottom.xml: 1458 bytes (replaced with small dummy file of size 9 bytes)
[        ] Skipped unused resource res/anim/abc_slide_in_bottom.xml: 555 bytes (replaced with small dummy file of size 9 bytes)
[        ] Skipped unused resource res/anim/abc_slide_in_top.xml: 556 bytes (replaced with small dummy file of size 9 bytes)
[        ] Skipped unused resource res/anim/abc_slide_out_bottom.xml: 555 bytes (replaced with small dummy file of size 9 bytes)
[        ] Skipped unused resource res/anim/abc_slide_out_top.xml: 556 bytes (replaced with small dummy file of size 9 bytes)
[        ] Skipped unused resource res/color/abc_background_cache_hint_selector_material_dark.xml: 471 bytes (replaced with small dummy file of size 9 bytes)
[        ] Skipped unused resource res/color/abc_background_cache_hint_selector_material_light.xml: 473 bytes (replaced with small dummy file of size 9 bytes)
[        ] Skipped unused resource res/color-v21/abc_btn_colored_borderless_text_material.xml: 453 bytes (replaced with small dummy file of size 9 bytes)
[        ] Skipped unused resource res/color/abc_btn_colored_text_material.xml: 676 bytes (replaced with small dummy file of size 9 bytes)
[        ] Skipped unused resource res/color/abc_hint_foreground_material_dark.xml: 856 bytes (replaced with small dummy file of size 9 bytes)
[        ] Skipped unused resource res/color/abc_hint_foreground_material_light.xml: 864 bytes (replaced with small dummy file of size 9 bytes)
[        ] Skipped unused resource res/color/abc_primary_text_disable_only_material_dark.xml: 525 bytes (replaced with small dummy file of size 9 bytes)
[        ] Skipped unused resource res/color/abc_primary_text_disable_only_material_light.xml: 529 bytes (replaced with small dummy file of size 9 bytes)
[        ] Skipped unused resource res/color/abc_primary_text_material_dark.xml: 521 bytes (replaced with small dummy file of size 9 bytes)
[        ] Skipped unused resource res/color/abc_primary_text_material_light.xml: 525 bytes (replaced with small dummy file of size 9 bytes)
[        ] Skipped unused resource res/color/abc_search_url_text.xml: 737 bytes (replaced with small dummy file of size 9 bytes)
[        ] Skipped unused resource res/color/abc_secondary_text_material_dark.xml: 529 bytes (replaced with small dummy file of size 9 bytes)
[        ] Skipped unused resource res/color/abc_secondary_text_material_light.xml: 533 bytes (replaced with small dummy file of size 9 bytes)
[        ] Skipped unused resource res/color/switch_thumb_material_dark.xml: 519 bytes (replaced with small dummy file of size 9 bytes)
[        ] Skipped unused resource res/color/switch_thumb_material_light.xml: 523 bytes (replaced with small dummy file of size 9 bytes)
[        ] Skipped unused resource res/color-v23/abc_btn_colored_borderless_text_material.xml: 587 bytes (replaced with small dummy file of size 9 bytes)
[        ] Skipped unused resource res/color-v23/abc_btn_colored_text_material.xml: 624 bytes (replaced with small dummy file of size 9 bytes)
[        ] Skipped unused resource res/color-v23/abc_color_highlight_material.xml: 734 bytes (replaced with small dummy file of size 9 bytes)
[        ] Skipped unused resource res/drawable-v21/abc_action_bar_item_background_material.xml: 227 bytes (replaced with small dummy file of size 9 bytes)
[        ] Skipped unused resource res/drawable/abc_ic_ab_back_material.xml: 873 bytes (replaced with small dummy file of size 9 bytes)
[        ] Skipped unused resource res/drawable/abc_ic_arrow_drop_right_black_24dp.xml: 1262 bytes (replaced with small dummy file of size 9 bytes)
[        ] Skipped unused resource res/drawable/abc_ic_clear_material.xml: 829 bytes (replaced with small dummy file of size 9 bytes)
[        ] Skipped unused resource res/drawable/abc_ic_go_search_api_material.xml: 782 bytes (replaced with small dummy file of size 9 bytes)
[        ] Skipped unused resource res/drawable/abc_ic_menu_overflow_material.xml: 934 bytes (replaced with small dummy file of size 9 bytes)
[        ] Skipped unused resource res/drawable/abc_ic_search_api_material.xml: 955 bytes (replaced with small dummy file of size 9 bytes)
[        ] Skipped unused resource res/drawable/abc_ic_voice_search_api_material.xml: 972 bytes (replaced with small dummy file of size 9 bytes)
[        ] Skipped unused resource res/drawable/abc_item_background_holo_dark.xml: 2036 bytes (replaced with small dummy file of size 9 bytes)
[        ] Skipped unused resource res/drawable/abc_item_background_holo_light.xml: 2044 bytes (replaced with small dummy file of size 9 bytes)
[        ] Skipped unused resource res/drawable/abc_list_selector_background_transition_holo_dark.xml: 422 bytes (replaced with small dummy file of size 9 bytes)
[        ] Skipped unused resource res/drawable/abc_list_selector_background_transition_holo_light.xml: 424 bytes (replaced with small dummy file of size 9 bytes)
[        ] Skipped unused resource res/drawable/abc_list_selector_holo_dark.xml: 2125 bytes (replaced with small dummy file of size 9 bytes)
[        ] Skipped unused resource res/drawable/abc_list_selector_holo_light.xml: 2133 bytes (replaced with small dummy file of size 9 bytes)
[        ] Skipped unused resource res/drawable-v23/abc_control_background_material.xml: 302 bytes (replaced with small dummy file of size 9 bytes)
[        ] Skipped unused resource res/drawable-ldpi-v4/ic_call_answer_low.png: 270 bytes (replaced with small dummy file of size 67 bytes)
[        ] Skipped unused resource res/drawable-ldpi-v4/ic_call_answer_video_low.png: 199 bytes (replaced with small dummy file of size 67 bytes)
[        ] Skipped unused resource res/drawable-ldpi-v4/ic_call_decline_low.png: 201 bytes (replaced with small dummy file of size 67 bytes)
[        ] Skipped unused resource res/drawable-mdpi-v4/abc_list_focused_holo.9.png: 222 bytes (replaced with small dummy file of size 77 bytes)
[        ] Skipped unused resource res/drawable-mdpi-v4/abc_list_longpressed_holo.9.png: 211 bytes (replaced with small dummy file of size 77 bytes)
[        ] Skipped unused resource res/drawable-mdpi-v4/abc_list_pressed_holo_dark.9.png: 207 bytes (replaced with small dummy file of size 77 bytes)
[        ] Skipped unused resource res/drawable-mdpi-v4/abc_list_pressed_holo_light.9.png: 207 bytes (replaced with small dummy file of size 77 bytes)
[        ] Skipped unused resource res/drawable-mdpi-v4/abc_list_selector_disabled_holo_dark.9.png: 217 bytes (replaced with small dummy file of size 77 bytes)
[        ] Skipped unused resource res/drawable-mdpi-v4/abc_list_selector_disabled_holo_light.9.png: 217 bytes (replaced with small dummy file of size 77 bytes)
[        ] Skipped unused resource res/drawable-mdpi-v4/ic_call_answer_low.png: 317 bytes (replaced with small dummy file of size 67 bytes)
[        ] Skipped unused resource res/drawable-mdpi-v4/ic_call_answer_video_low.png: 206 bytes (replaced with small dummy file of size 67 bytes)
[        ] Skipped unused resource res/drawable-mdpi-v4/ic_call_decline_low.png: 264 bytes (replaced with small dummy file of size 67 bytes)
[        ] Skipped unused resource res/drawable-hdpi-v4/abc_list_focused_holo.9.png: 244 bytes (replaced with small dummy file of size 77 bytes)
[        ] Skipped unused resource res/drawable-hdpi-v4/abc_list_longpressed_holo.9.png: 212 bytes (replaced with small dummy file of size 77 bytes)
[        ] Skipped unused resource res/drawable-hdpi-v4/abc_list_pressed_holo_dark.9.png: 208 bytes (replaced with small dummy file of size 77 bytes)
[        ] Skipped unused resource res/drawable-hdpi-v4/abc_list_pressed_holo_light.9.png: 208 bytes (replaced with small dummy file of size 77 bytes)
[        ] Skipped unused resource res/drawable-hdpi-v4/abc_list_selector_disabled_holo_dark.9.png: 228 bytes (replaced with small dummy file of size 77 bytes)
[        ] Skipped unused resource res/drawable-hdpi-v4/abc_list_selector_disabled_holo_light.9.png: 229 bytes (replaced with small dummy file of size 77 bytes)
[        ] Skipped unused resource res/drawable-hdpi-v4/ic_call_answer_low.png: 472 bytes (replaced with small dummy file of size 67 bytes)
[        ] Skipped unused resource res/drawable-hdpi-v4/ic_call_answer_video_low.png: 254 bytes (replaced with small dummy file of size 67 bytes)
[        ] Skipped unused resource res/drawable-hdpi-v4/ic_call_decline_low.png: 375 bytes (replaced with small dummy file of size 67 bytes)
[        ] Skipped unused resource res/drawable-xhdpi-v4/abc_list_focused_holo.9.png: 244 bytes (replaced with small dummy file of size 77 bytes)
[        ] Skipped unused resource res/drawable-xhdpi-v4/abc_list_longpressed_holo.9.png: 214 bytes (replaced with small dummy file of size 77 bytes)
[        ] Skipped unused resource res/drawable-xhdpi-v4/abc_list_pressed_holo_dark.9.png: 209 bytes (replaced with small dummy file of size 77 bytes)
[        ] Skipped unused resource res/drawable-xhdpi-v4/abc_list_pressed_holo_light.9.png: 209 bytes (replaced with small dummy file of size 77 bytes)
[        ] Skipped unused resource res/drawable-xhdpi-v4/abc_list_selector_disabled_holo_dark.9.png: 236 bytes (replaced with small dummy file of size 77 bytes)
[        ] Skipped unused resource res/drawable-xhdpi-v4/abc_list_selector_disabled_holo_light.9.png: 235 bytes (replaced with small dummy file of size 77 bytes)
[        ] Skipped unused resource res/drawable-xhdpi-v4/ic_call_answer_low.png: 623 bytes (replaced with small dummy file of size 67 bytes)
[        ] Skipped unused resource res/drawable-xhdpi-v4/ic_call_answer_video_low.png: 290 bytes (replaced with small dummy file of size 67 bytes)
[        ] Skipped unused resource res/drawable-xhdpi-v4/ic_call_decline_low.png: 452 bytes (replaced with small dummy file of size 67 bytes)
[        ] Skipped unused resource res/drawable-xxhdpi-v4/abc_list_focused_holo.9.png: 245 bytes (replaced with small dummy file of size 77 bytes)
[        ] Skipped unused resource res/drawable-xxhdpi-v4/abc_list_longpressed_holo.9.png: 221 bytes (replaced with small dummy file of size 77 bytes)
[        ] Skipped unused resource res/drawable-xxhdpi-v4/abc_list_pressed_holo_dark.9.png: 212 bytes (replaced with small dummy file of size 77 bytes)
[        ] Skipped unused resource res/drawable-xxhdpi-v4/abc_list_pressed_holo_light.9.png: 212 bytes (replaced with small dummy file of size 77 bytes)
[        ] Skipped unused resource res/drawable-xxhdpi-v4/abc_list_selector_disabled_holo_dark.9.png: 260 bytes (replaced with small dummy file of size 77 bytes)
[        ] Skipped unused resource res/drawable-xxhdpi-v4/abc_list_selector_disabled_holo_light.9.png: 258 bytes (replaced with small dummy file of size 77 bytes)
[        ] Skipped unused resource res/drawable-xxhdpi-v4/ic_call_answer_low.png: 884 bytes (replaced with small dummy file of size 67 bytes)
[        ] Skipped unused resource res/drawable-xxhdpi-v4/ic_call_answer_video_low.png: 384 bytes (replaced with small dummy file of size 67 bytes)
[        ] Skipped unused resource res/drawable-xxhdpi-v4/ic_call_decline_low.png: 628 bytes (replaced with small dummy file of size 67 bytes)
[        ] Skipped unused resource res/drawable-xxxhdpi-v4/ic_call_answer_low.png: 1171 bytes (replaced with small dummy file of size 67 bytes)
[        ] Skipped unused resource res/drawable-xxxhdpi-v4/ic_call_answer_video_low.png: 465 bytes (replaced with small dummy file of size 67 bytes)
[        ] Skipped unused resource res/drawable-xxxhdpi-v4/ic_call_decline_low.png: 823 bytes (replaced with small dummy file of size 67 bytes)
[        ] Skipped unused resource res/drawable-anydpi-v21/ic_call_answer_low.xml: 1373 bytes (replaced with small dummy file of size 9 bytes)
[        ] Skipped unused resource res/drawable-anydpi-v21/ic_call_answer_video_low.xml: 789 bytes (replaced with small dummy file of size 9 bytes)
[        ] Skipped unused resource res/drawable-anydpi-v21/ic_call_decline_low.xml: 1547 bytes (replaced with small dummy file of size 9 bytes)
[        ] Skipped unused resource res/layout/abc_action_bar_up_container.xml: 588 bytes (replaced with small dummy file of size 9 bytes)
[        ] Skipped unused resource res/layout/abc_action_menu_layout.xml: 656 bytes (replaced with small dummy file of size 9 bytes)
[        ] Skipped unused resource res/layout/abc_action_mode_bar.xml: 589 bytes (replaced with small dummy file of size 9 bytes)
[   +3 ms] Skipped unused resource res/layout/abc_activity_chooser_view.xml: 3884 bytes (replaced with small dummy file of size 9 bytes)
[        ] Skipped unused resource res/layout/abc_activity_chooser_view_list_item.xml: 2684 bytes (replaced with small dummy file of size 9 bytes)
[        ] Skipped unused resource res/layout/abc_alert_dialog_button_bar_material.xml: 3101 bytes (replaced with small dummy file of size 9 bytes)
[        ] Skipped unused resource res/layout-v22/abc_alert_dialog_button_bar_material.xml: 3192 bytes (replaced with small dummy file of size 9 bytes)
[        ] Skipped unused resource res/layout/abc_alert_dialog_material.xml: 5875 bytes (replaced with small dummy file of size 9 bytes)
[        ] Skipped unused resource res/layout/abc_alert_dialog_title_material.xml: 3326 bytes (replaced with small dummy file of size 9 bytes)
[        ] Skipped unused resource res/layout/abc_dialog_title_material.xml: 2063 bytes (replaced with small dummy file of size 9 bytes)
[        ] Skipped unused resource res/layout/abc_expanded_menu_layout.xml: 462 bytes (replaced with small dummy file of size 9 bytes)
[        ] Skipped unused resource res/layout/abc_list_menu_item_layout.xml: 2985 bytes (replaced with small dummy file of size 9 bytes)
[        ] Skipped unused resource res/layout/abc_screen_content_include.xml: 722 bytes (replaced with small dummy file of size 9 bytes)
[        ] Skipped unused resource res/layout/abc_screen_simple.xml: 1346 bytes (replaced with small dummy file of size 9 bytes)
[        ] Skipped unused resource res/layout/abc_screen_simple_overlay_action_mode.xml: 1261 bytes (replaced with small dummy file of size 9 bytes)
[        ] Skipped unused resource res/layout/abc_screen_toolbar.xml: 2642 bytes (replaced with small dummy file of size 9 bytes)
[        ] Skipped unused resource res/layout/abc_select_dialog_material.xml: 1711 bytes (replaced with small dummy file of size 9 bytes)
[        ] Skipped unused resource res/layout/custom_dialog.xml: 828 bytes (replaced with small dummy file of size 9 bytes)
[        ] Skipped unused resource res/layout/ime_base_split_test_activity.xml: 365 bytes (replaced with small dummy file of size 9 bytes)
[        ] Skipped unused resource res/layout/ime_secondary_split_test_activity.xml: 1465 bytes (replaced with small dummy file of size 9 bytes)
[        ] Skipped unused resource res/layout/support_simple_spinner_dropdown_item.xml: 701 bytes (replaced with small dummy file of size 9 bytes)
[        ] Skipped unused resource res/layout-watch-v20/abc_alert_dialog_button_bar_material.xml: 2517 bytes (replaced with small dummy file of size 9 bytes)
[        ] Skipped unused resource res/layout-watch-v20/abc_alert_dialog_title_material.xml: 2835 bytes (replaced with small dummy file of size 9 bytes)
[        ] Skipped unused resource res/layout-v26/abc_screen_toolbar.xml: 2736 bytes (replaced with small dummy file of size 9 bytes)
[        ] Removed unused resources: Binary resource data reduced from 680KB to 650KB. Removed 4%
[        ] Resolve mutations for :app:optimizeReleaseResources (Thread[Execution worker Thread 2,5,main]) started.
[        ] :app:optimizeReleaseResources (Thread[Execution worker Thread 2,5,main]) started.
[  +93 ms] > Task :app:optimizeReleaseResources
[        ] Caching disabled for task ':app:optimizeReleaseResources' because:
[        ]   Build cache is disabled
[        ] Task ':app:optimizeReleaseResources' is not up-to-date because:
[        ]   No history is available.
[ +499 ms] > Task :app:l8DexDesugarLibRelease
[        ] Caching disabled for task ':app:l8DexDesugarLibRelease' because:
[        ]   Build cache is disabled
[        ] Task ':app:l8DexDesugarLibRelease' is not up-to-date because:
[        ]   No history is available.
[+9199 ms] Resolve mutations for :app:compileReleaseArtProfile (Thread[Execution worker Thread 2,5,main]) started.
[        ] :app:compileReleaseArtProfile (Thread[included builds Thread 2,5,main]) started.
[ +300 ms] > Task :app:compileReleaseArtProfile
[        ] Caching disabled for task ':app:compileReleaseArtProfile' because:
[        ]   Build cache is disabled
[        ] Task ':app:compileReleaseArtProfile' is not up-to-date because:
[        ]   No history is available.
[        ] Resolve mutations for :app:packageRelease (Thread[Execution worker Thread 2,5,main]) started.
[        ] :app:packageRelease (Thread[Execution worker,5,main]) started.
[+1899 ms] > Task :app:packageRelease
[        ] Caching disabled for task ':app:packageRelease' because:
[        ]   Build cache is disabled
[        ] Task ':app:packageRelease' is not up-to-date because:
[        ]   No history is available.
[        ] The input changes require a full rebuild for incremental task ':app:packageRelease'.
[  +99 ms] Resolve mutations for :app:createReleaseApkListingFileRedirect (Thread[Execution worker,5,main]) started.
[        ] :app:createReleaseApkListingFileRedirect (Thread[Execution worker,5,main]) started.
[        ] > Task :app:createReleaseApkListingFileRedirect
[        ] Caching disabled for task ':app:createReleaseApkListingFileRedirect' because:
[        ]   Build cache is disabled
[        ] Task ':app:createReleaseApkListingFileRedirect' is not up-to-date because:
[        ]   No history is available.
[        ] Resolve mutations for :app:assembleRelease (Thread[Execution worker,5,main]) started.
[        ] :app:assembleRelease (Thread[Execution worker,5,main]) started.
[        ] > Task :app:assembleRelease
[        ] Caching disabled for task ':app:assembleRelease' because:
[        ]   Build cache is disabled
[        ] Task ':app:assembleRelease' is not up-to-date because:
[        ]   Task has not declared any outputs despite executing actions.
[        ] AAPT2 aapt2-7.4.2-8841542-linux Daemon #0: shutdown
[        ] AAPT2 aapt2-7.4.2-8841542-linux Daemon #1: shutdown
[        ] AAPT2 aapt2-7.4.2-8841542-linux Daemon #2: shutdown
[ +100 ms] Android Lint: Disposing Uast application environment in lint classloader [30.4.2]
[        ] Deprecated Gradle features were used in this build, making it incompatible with Gradle 8.0.
[        ] You can use '--warning-mode all' to show the individual deprecation warnings and determine if they come from your own scripts or plugins.
[        ] See https://docs.gradle.org/7.6.3/userguide/command_line_interface.html#sec:command_line_warnings
[        ] BUILD SUCCESSFUL in 5m 34s
[        ] 398 actionable tasks: 397 executed, 1 up-to-date
[        ] Gradle was unable to watch the file system for changes. Unable to watch same file twice via different paths: Already watching path: /opt/hostedtoolcache/flutter/stable-3.29.3-x64/flutter/packages/flutter_tools/gradle.
[        ] Stopped 1 worker daemon(s).
[ +329 ms] Running Gradle task 'assembleRelease'... (completed in 334.9s)
[   +1 ms] Calculate SHA1: LocalDirectory: '/home/runner/work/OBD-FOCUS/OBD-FOCUS/build/app/outputs/flutter-apk'/app-release.apk
[ +236 ms] ✓ Built build/app/outputs/flutter-apk/app-release.apk (27.5MB)
[   +2 ms] "flutter apk" took 335,751ms.
[   +1 ms] Running 1 shutdown hook
[        ] Shutdown hooks complete
[        ] exiting with code 0
